filename,width,height,class,xmin,ymin,xmax,ymax
Image0003.jpg,100,100,knife,4,34,68,94
Image0005.jpg,100,100,knife,1,44,90,68
Image0006.jpg,100,100,knife,5,52,89,76
Image0010.jpg,100,100,knife,1,40,93,72
Image0011.jpg,100,100,knife,1,36,94,65
Image0014.jpg,100,100,knife,1,19,99,54
Image0015.jpg,100,100,knife,1,38,99,63
Image0015.jpg,100,100,non-weapon,58,65,69,77
Image0019.jpg,100,100,knife,38,8,69,100
Image0021.jpg,100,100,knife,36,4,64,100
Image0021.jpg,100,100,non-weapon,73,36,86,55
Image0024.jpg,100,100,knife,11,10,79,96
Image0025.jpg,100,100,knife,6,13,76,100
Image0029.jpg,100,100,knife,1,48,99,74
Image0034.jpg,100,100,knife,13,10,75,69
Image0036.jpg,100,100,knife,7,39,94,92
Image0039.jpg,100,100,knife,1,42,90,79
Image0039.jpg,100,100,non-weapon,25,7,46,37
Image0040.jpg,100,100,knife,1,25,93,92
Image0041.jpg,100,100,knife,1,23,94,87
Image0042.jpg,100,100,knife,1,29,82,78
Image0043.jpg,100,100,knife,9,38,99,82
Image0043.jpg,100,100,non-weapon,46,1,74,34
Image0044.jpg,100,100,knife,42,8,66,95
Image0044.jpg,100,100,non-weapon,72,1,100,38
Image0049.jpg,100,100,knife,33,31,75,100
Image0050.jpg,100,100,knife,33,13,74,99
Image0051.jpg,100,100,knife,33,9,71,96
Image0052.jpg,100,100,knife,33,15,73,97
Image0054.jpg,100,100,knife,6,28,78,55
Image0056.jpg,100,100,knife,1,34,92,53
Image0065.jpg,100,100,knife,42,18,70,98
Image0066.jpg,100,100,knife,43,17,60,82
Image0066.jpg,100,100,non-weapon,62,1,95,40
Image0071.jpg,100,100,knife,42,30,66,98
Image0074.jpg,100,100,knife,42,28,76,96
Image0075.jpg,100,100,knife,33,39,88,86
Image0077.jpg,100,100,knife,26,27,93,87
Image0077.jpg,100,100,non-weapon,1,11,17,40
Image0077.jpg,100,100,non-weapon,20,1,35,25
Image0077.jpg,100,100,non-weapon,76,21,100,47
Image0082.jpg,100,100,knife,29,22,76,100
Image0087.jpg,100,100,knife,16,17,81,93
Image0092.jpg,100,100,knife,5,9,72,94
Image0094.jpg,100,100,knife,37,1,59,77
Image0095.jpg,100,100,knife,33,3,72,85
Image0096.jpg,100,100,knife,30,3,72,85
Image0101.jpg,100,100,knife,24,1,73,80
Image0102.jpg,100,100,knife,17,7,70,82
Image0106.jpg,100,100,knife,17,4,86,67
Image0107.jpg,100,100,knife,19,1,89,64
Image0108.jpg,100,100,knife,13,1,84,66
Image0108.jpg,100,100,non-weapon,37,45,52,99
Image0110.jpg,100,100,knife,18,5,90,70
Image0112.jpg,100,100,knife,17,3,87,70
Image0116.jpg,100,100,knife,13,1,90,74
Image0117.jpg,100,100,knife,14,1,91,74
Image0118.jpg,100,100,knife,13,1,84,74
Image0118.jpg,100,100,non-weapon,15,70,35,97
Image0120.jpg,100,100,knife,19,4,93,78
Image0122.jpg,100,100,knife,25,2,96,75
Image0125.jpg,100,100,knife,23,1,73,87
Image0126.jpg,100,100,knife,22,1,99,69
Image0126.jpg,100,100,non-weapon,3,80,11,96
Image0128.jpg,100,100,knife,5,15,100,58
Image0130.jpg,100,100,knife,10,22,99,64
Image0130.jpg,100,100,non-weapon,27,85,33,100
Image0130.jpg,100,100,non-weapon,20,85,27,100
Image0132.jpg,100,100,knife,1,12,86,49
Image0132.jpg,100,100,non-weapon,28,75,36,92
Image0132.jpg,100,100,non-weapon,37,75,41,93
Image0133.jpg,100,100,knife,9,14,97,53
Image0133.jpg,100,100,non-weapon,32,78,39,96
Image0133.jpg,100,100,non-weapon,40,78,45,96
Image0135.jpg,100,100,knife,17,1,88,81
Image0136.jpg,100,100,knife,46,1,72,78
Image0139.jpg,100,100,knife,16,1,66,81
Image0143.jpg,100,100,knife,29,1,76,86
Image0148.jpg,100,100,knife,22,28,70,96
Image0148.jpg,100,100,non-weapon,5,69,21,84
Image0156.jpg,100,100,knife,42,2,76,90
Image0161.jpg,100,100,knife,33,13,83,78
Image0161.jpg,100,100,non-weapon,24,34,46,64
Image0162.jpg,100,100,knife,39,6,70,80
Image0165.jpg,100,100,knife,37,4,69,82
Image0165.jpg,100,100,non-weapon,18,61,51,100
Image0167.jpg,100,100,knife,39,1,72,81
Image0171.jpg,100,100,knife,41,4,62,84
Image0172.jpg,100,100,knife,35,1,72,80
Image0174.jpg,100,100,knife,24,1,75,78
Image0176.jpg,100,100,knife,27,1,76,75
Image0181.jpg,100,100,knife,23,4,76,78
Image0199.jpg,100,100,knife,17,17,69,98
Image0200.jpg,100,100,knife,17,19,69,97
Image0201.jpg,100,100,knife,17,18,68,98
Image0204.jpg,100,100,knife,1,4,74,98
Image0204.jpg,100,100,non-weapon,23,12,39,27
Image0208.jpg,100,100,knife,14,14,75,100
Image0214.jpg,100,100,knife,17,17,79,95
Image0214.jpg,100,100,non-weapon,23,15,34,28
Image0216.jpg,100,100,knife,40,25,100,97
Image0219.jpg,100,100,knife,23,4,81,91
Image0221.jpg,100,100,knife,10,1,74,90
Image0222.jpg,100,100,knife,8,11,72,89
Image0222.jpg,100,100,non-weapon,75,20,97,50
Image0224.jpg,100,100,knife,1,14,81,68
Image0224.jpg,100,100,non-weapon,67,23,91,49
Image0226.jpg,100,100,knife,1,37,81,73
Image0229.jpg,100,100,knife,1,26,85,66
Image0230.jpg,100,100,knife,1,26,82,65
Image0231.jpg,100,100,knife,1,27,78,67
Image0237.jpg,100,100,knife,1,25,63,64
Image0238.jpg,100,100,knife,1,27,62,70
Image0243.jpg,100,100,knife,1,35,77,79
Image0244.jpg,100,100,knife,1,29,71,86
Image0247.jpg,100,100,knife,1,43,77,90
Image0248.jpg,100,100,knife,1,34,79,85
Image0250.jpg,100,100,knife,1,28,86,85
Image0252.jpg,100,100,knife,49,13,85,99
Image0256.jpg,100,100,knife,49,6,71,97
Image0256.jpg,100,100,non-weapon,17,33,30,45
Image0256.jpg,100,100,non-weapon,22,1,43,33
Image0259.jpg,100,100,knife,39,5,58,94
Image0259.jpg,100,100,non-weapon,92,32,100,46
Image0265.jpg,100,100,knife,26,1,82,88
Image0265.jpg,100,100,non-weapon,64,26,80,61
Image0270.jpg,100,100,knife,22,1,77,73
Image0272.jpg,100,100,knife,22,1,79,77
Image0274.jpg,100,100,knife,21,1,77,79
Image0275.jpg,100,100,knife,23,1,78,78
Image0276.jpg,100,100,knife,21,1,78,75
Image0277.jpg,100,100,knife,19,1,75,79
Image0279.jpg,100,100,knife,19,1,75,72
Image0280.jpg,100,100,knife,24,1,83,75
Image0281.jpg,100,100,knife,26,1,81,76
Image0287.jpg,100,100,knife,16,1,78,78
Image0288.jpg,100,100,knife,17,1,77,78
Image0294.jpg,100,100,knife,29,1,86,73
Image0298.jpg,100,100,knife,19,1,74,76
Image0305.jpg,100,100,knife,19,1,69,70
Image0310.jpg,100,100,knife,30,1,60,67
Image0318.jpg,100,100,knife,25,1,59,81
Image0322.jpg,100,100,knife,51,1,86,70
Image0328.jpg,100,100,knife,42,1,66,74
Image0329.jpg,100,100,knife,46,1,71,71
Image0333.jpg,100,100,knife,49,19,100,90
Image0335.jpg,100,100,knife,40,11,84,86
Image0336.jpg,100,100,knife,38,12,85,87
Image0340.jpg,100,100,knife,32,10,48,80
Image0342.jpg,100,100,knife,42,6,56,84
Image0346.jpg,100,100,knife,49,5,62,84
Image0347.jpg,100,100,knife,57,9,71,88
Image0349.jpg,100,100,knife,53,5,68,87
Image0350.jpg,100,100,knife,50,6,66,88
Image0351.jpg,100,100,knife,44,7,55,88
Image0352.jpg,100,100,knife,47,6,66,84
Image0357.jpg,100,100,knife,19,15,65,85
Image0358.jpg,100,100,knife,41,4,72,85
Image0358.jpg,100,100,non-weapon,73,25,81,50
Image0358.jpg,100,100,non-weapon,1,53,43,69
Image0360.jpg,100,100,knife,51,1,77,84
Image0366.jpg,100,100,knife,1,1,99,100
Image0367.jpg,100,100,knife,4,1,100,100
Image0372.jpg,100,100,knife,34,1,66,84
Image0372.jpg,100,100,non-weapon,80,13,100,37
Image0372.jpg,100,100,non-weapon,1,10,22,67
Image0373.jpg,100,100,knife,24,5,100,90
Image0373.jpg,100,100,non-weapon,9,1,67,36
Image0376.jpg,100,100,knife,29,20,100,72
Image0376.jpg,100,100,non-weapon,51,6,83,33
Image0376.jpg,100,100,non-weapon,1,1,51,42
Image0377.jpg,100,100,knife,42,1,67,80
Image0379.jpg,100,100,knife,4,1,73,76
Image0382.jpg,100,100,knife,27,1,89,98
Image0384.jpg,100,100,knife,33,1,89,93
Image0384.jpg,100,100,non-weapon,18,3,32,30
Image0386.jpg,100,100,knife,1,29,99,77
Image0387.jpg,100,100,knife,1,23,98,87
Image0394.jpg,100,100,knife,15,1,68,77
Image0395.jpg,100,100,knife,20,1,53,85
Image0395.jpg,100,100,non-weapon,1,1,39,30
Image0399.jpg,100,100,knife,1,13,100,77
Image0400.jpg,100,100,knife,5,17,99,81
Image0405.jpg,100,100,knife,2,17,100,91
Image0405.jpg,100,100,non-weapon,61,1,85,34
Image0406.jpg,100,100,knife,1,12,99,88
Image0407.jpg,100,100,knife,1,2,98,84
Image0407.jpg,100,100,non-weapon,1,49,20,80
Image0408.jpg,100,100,knife,1,12,98,83
Image0415.jpg,100,100,knife,7,39,99,62
Image0420.jpg,100,100,knife,2,32,78,68
Image0422.jpg,100,100,knife,1,34,96,71
Image0422.jpg,100,100,non-weapon,51,10,82,40
Image0425.jpg,100,100,knife,18,1,94,94
Image0426.jpg,100,100,knife,18,15,100,94
Image0427.jpg,100,100,knife,4,18,96,88
Image0428.jpg,100,100,knife,11,15,100,85
Image0430.jpg,100,100,knife,7,1,99,86
Image0430.jpg,100,100,non-weapon,16,36,30,55
Image0434.jpg,100,100,knife,1,34,81,90
Image0446.jpg,100,100,knife,37,20,100,47
Image0447.jpg,100,100,knife,14,22,99,47
Image0449.jpg,100,100,knife,1,33,99,60
Image0450.jpg,100,100,knife,17,40,100,64
Image0455.jpg,100,100,knife,13,31,93,67
Image0456.jpg,100,100,knife,9,41,89,79
Image0457.jpg,100,100,knife,23,26,100,48
Image0457.jpg,100,100,non-weapon,40,62,56,68
Image0457.jpg,100,100,non-weapon,39,54,58,61
Image0458.jpg,100,100,knife,13,38,99,57
Image0458.jpg,100,100,non-weapon,21,62,42,81
Image0459.jpg,100,100,knife,3,29,98,51
Image0459.jpg,100,100,non-weapon,18,62,71,95
Image0461.jpg,100,100,knife,20,27,97,71
Image0462.jpg,100,100,knife,43,1,64,84
Image0463.jpg,100,100,knife,28,18,100,49
Image0466.jpg,100,100,knife,23,17,100,83
Image0467.jpg,100,100,knife,22,22,100,93
Image0468.jpg,100,100,knife,32,11,100,91
Image0472.jpg,100,100,knife,37,11,100,90
Image0475.jpg,100,100,knife,22,1,90,99
Image0477.jpg,100,100,knife,21,19,100,82
Image0481.jpg,100,100,knife,16,18,99,100
Image0483.jpg,100,100,knife,29,23,100,76
Image0484.jpg,100,100,knife,30,33,96,100
Image0486.jpg,100,100,knife,24,40,99,100
Image0488.jpg,100,100,knife,24,31,100,95
Image0488.jpg,100,100,non-weapon,9,29,19,42
Image0490.jpg,100,100,knife,22,27,100,99
Image0496.jpg,100,100,knife,19,35,100,64
Image0503.jpg,100,100,knife,1,1,97,57
Image0504.jpg,100,100,knife,1,9,96,61
Image0504.jpg,100,100,non-weapon,52,70,100,100
Image0505.jpg,100,100,knife,1,11,96,45
Image0506.jpg,100,100,knife,3,27,99,50
Image0509.jpg,100,100,knife,6,30,100,55
Image0510.jpg,100,100,knife,1,38,99,59
Image0511.jpg,100,100,knife,3,37,99,55
Image0512.jpg,100,100,knife,2,35,96,53
Image0513.jpg,100,100,knife,1,31,96,48
Image0515.jpg,100,100,knife,1,36,81,53
Image0516.jpg,100,100,knife,1,31,98,50
Image0520.jpg,100,100,knife,1,32,98,54
Image0528.jpg,100,100,knife,1,32,98,59
Image0530.jpg,100,100,knife,1,16,99,55
Image0535.jpg,100,100,knife,4,26,64,100
Image0539.jpg,100,100,knife,16,22,100,45
Image0541.jpg,100,100,knife,27,9,98,40
Image0543.jpg,100,100,knife,1,3,64,55
Image0544.jpg,100,100,knife,40,1,65,67
Image0546.jpg,100,100,knife,63,32,79,100
Image0549.jpg,100,100,knife,21,14,90,57
Image0555.jpg,100,100,knife,15,28,100,42
Image0560.jpg,100,100,knife,11,39,91,54
Image0562.jpg,100,100,knife,42,12,66,82
Image0564.jpg,100,100,knife,10,44,99,62
Image0565.jpg,100,100,knife,16,45,98,66
Image0565.jpg,100,100,non-weapon,36,1,66,20
Image0566.jpg,100,100,knife,8,43,99,77
Image0570.jpg,100,100,knife,12,37,99,64
Image0571.jpg,100,100,knife,10,39,99,65
Image0572.jpg,100,100,knife,5,40,98,70
Image0574.jpg,100,100,knife,1,39,99,76
Image0578.jpg,100,100,knife,19,32,98,68
Image0580.jpg,100,100,knife,1,31,95,73
Image0583.jpg,100,100,knife,1,37,95,72
Image0584.jpg,100,100,knife,17,45,98,69
Image0586.jpg,100,100,knife,1,15,95,48
Image0588.jpg,100,100,knife,1,47,89,80
Image0590.jpg,100,100,knife,9,26,93,57
Image0591.jpg,100,100,knife,15,38,97,63
Image0592.jpg,100,100,knife,6,38,95,67
Image0593.jpg,100,100,knife,2,48,94,75
Image0594.jpg,100,100,knife,5,49,96,76
Image0596.jpg,100,100,knife,15,34,95,55
Image0602.jpg,100,100,knife,18,31,89,62
Image0605.jpg,100,100,knife,43,1,67,84
Image0606.jpg,100,100,knife,42,9,92,92
Image0610.jpg,100,100,knife,26,28,100,83
Image0613.jpg,100,100,knife,7,39,88,75
Image0614.jpg,100,100,knife,1,32,77,87
Image0615.jpg,100,100,knife,1,28,69,73
Image0620.jpg,100,100,knife,28,36,76,63
Image0621.jpg,100,100,knife,18,18,97,68
Image0622.jpg,100,100,knife,4,16,83,82
Image0623.jpg,100,100,knife,5,19,96,77
Image0625.jpg,100,100,knife,1,22,87,82
Image0625.jpg,100,100,non-weapon,16,54,44,79
Image0628.jpg,100,100,knife,11,15,93,74
Image0630.jpg,100,100,knife,10,36,81,77
Image0634.jpg,100,100,knife,19,21,94,72
Image0635.jpg,100,100,knife,8,15,88,67
Image0638.jpg,100,100,knife,11,19,84,72
Image0642.jpg,100,100,knife,8,12,84,68
Image0644.jpg,100,100,knife,7,17,77,70
Image0650.jpg,100,100,knife,15,8,76,70
Image0651.jpg,100,100,knife,15,5,77,73
Image0653.jpg,100,100,knife,20,8,75,73
Image0657.jpg,100,100,knife,19,18,71,78
Image0657.jpg,100,100,non-weapon,68,72,100,100
Image0660.jpg,100,100,knife,23,15,72,78
Image0660.jpg,100,100,non-weapon,50,77,82,100
Image0662.jpg,100,100,knife,29,13,74,79
Image0662.jpg,100,100,non-weapon,46,76,82,100
Image0673.jpg,100,100,knife,37,6,64,89
Image0674.jpg,100,100,knife,37,4,62,86
Image0674.jpg,100,100,non-weapon,74,62,93,100
Image0675.jpg,100,100,knife,34,4,62,83
Image0676.jpg,100,100,knife,35,5,60,83
Image0682.jpg,100,100,knife,42,12,58,89
Image0683.jpg,100,100,knife,43,11,59,89
Image0685.jpg,100,100,knife,41,10,60,91
Image0686.jpg,100,100,knife,41,2,60,88
Image0686.jpg,100,100,non-weapon,63,72,80,86
Image0686.jpg,100,100,non-weapon,80,76,97,92
Image0686.jpg,100,100,non-weapon,71,28,100,66
Image0687.jpg,100,100,knife,40,8,59,89
Image0687.jpg,100,100,non-weapon,66,29,99,68
Image0687.jpg,100,100,non-weapon,60,75,74,89
Image0687.jpg,100,100,non-weapon,76,81,92,94
Image0694.jpg,100,100,knife,36,15,51,90
Image0694.jpg,100,100,non-weapon,62,69,76,93
Image0694.jpg,100,100,non-weapon,73,63,100,93
Image0695.jpg,100,100,knife,35,11,53,89
Image0695.jpg,100,100,non-weapon,64,59,96,94
Image0700.jpg,100,100,knife,42,13,57,88
Image0700.jpg,100,100,non-weapon,18,76,31,100
Image0703.jpg,100,100,knife,15,21,59,92
Image0704.jpg,100,100,knife,11,25,59,90
Image0711.jpg,100,100,knife,6,36,80,79
Image0716.jpg,100,100,knife,1,38,78,63
Image0720.jpg,100,100,knife,1,39,78,56
Image0725.jpg,100,100,knife,6,46,76,71
Image0725.jpg,100,100,non-weapon,38,1,95,48
Image0726.jpg,100,100,knife,11,48,79,73
Image0727.jpg,100,100,knife,15,51,81,77
Image0728.jpg,100,100,knife,16,53,81,79
Image0730.jpg,100,100,knife,17,63,80,91
Image0734.jpg,100,100,knife,13,46,78,71
Image0736.jpg,100,100,knife,12,42,78,66
Image0743.jpg,100,100,knife,45,14,65,99
Image0746.jpg,100,100,knife,33,25,59,100
Image0747.jpg,100,100,knife,35,23,64,100
Image0748.jpg,100,100,knife,25,26,65,96
Image0755.jpg,100,100,knife,22,25,62,96
Image0757.jpg,100,100,knife,17,19,57,90
Image0759.jpg,100,100,knife,6,29,64,82
Image0761.jpg,100,100,knife,3,36,77,77
Image0764.jpg,100,100,knife,1,43,65,76
Image0766.jpg,100,100,knife,1,44,63,81
Image0771.jpg,100,100,knife,1,39,62,79
Image0777.jpg,100,100,knife,4,30,62,81
Image0779.jpg,100,100,knife,2,32,59,80
Image0780.jpg,100,100,knife,2,31,60,82
Image0782.jpg,100,100,knife,1,30,57,79
Image0783.jpg,100,100,knife,5,24,61,82
Image0784.jpg,100,100,knife,9,27,60,81
Image0786.jpg,100,100,knife,13,23,63,83
Image0787.jpg,100,100,knife,22,21,65,90
Image0788.jpg,100,100,knife,24,21,65,88
Image0788.jpg,100,100,non-weapon,64,68,100,100
Image0789.jpg,100,100,knife,25,18,61,84
Image0790.jpg,100,100,knife,23,16,59,87
Image0792.jpg,100,100,knife,26,16,57,88
Image0793.jpg,100,100,knife,25,17,56,88
Image0794.jpg,100,100,knife,26,16,55,86
Image0796.jpg,100,100,knife,29,16,53,90
Image0798.jpg,100,100,knife,30,11,50,90
Image0802.jpg,100,100,knife,32,11,47,91
Image0805.jpg,100,100,knife,30,11,45,92
Image0806.jpg,100,100,knife,31,13,46,89
Image0817.jpg,100,100,knife,25,13,58,91
Image0818.jpg,100,100,knife,26,13,58,88
Image0825.jpg,100,100,knife,17,18,63,89
Image0828.jpg,100,100,knife,23,22,68,90
Image0830.jpg,100,100,knife,23,21,68,91
Image0832.jpg,100,100,knife,12,25,63,95
Image0846.jpg,100,100,knife,15,1,69,46
Image0846.jpg,100,100,non-weapon,24,77,40,93
Image0846.jpg,100,100,non-weapon,41,80,57,94
Image0849.jpg,100,100,knife,26,21,83,58
Image0849.jpg,100,100,non-weapon,66,57,82,78
Image0849.jpg,100,100,non-weapon,76,50,100,71
Image0850.jpg,100,100,knife,27,33,80,69
Image0850.jpg,100,100,non-weapon,63,54,100,82
Image0850.jpg,100,100,non-weapon,54,61,65,85
Image0852.jpg,100,100,knife,24,38,81,67
Image0853.jpg,100,100,knife,18,36,78,64
Image0854.jpg,100,100,knife,18,35,79,62
Image0854.jpg,100,100,non-weapon,74,48,100,74
Image0856.jpg,100,100,knife,21,35,80,58
Image0858.jpg,100,100,knife,16,38,79,59
Image0859.jpg,100,100,knife,15,40,81,65
Image0862.jpg,100,100,knife,9,49,80,65
Image0864.jpg,100,100,knife,16,55,79,67
Image0865.jpg,100,100,knife,9,51,79,67
Image0867.jpg,100,100,knife,22,44,83,69
Image0868.jpg,100,100,knife,19,43,84,70
Image0869.jpg,100,100,knife,22,42,80,71
Image0875.jpg,100,100,knife,19,41,75,79
Image0876.jpg,100,100,knife,18,38,78,77
Image0879.jpg,100,100,knife,14,41,76,72
Image0880.jpg,100,100,knife,15,45,77,75
Image0881.jpg,100,100,knife,13,45,75,77
Image0883.jpg,100,100,knife,11,50,74,79
Image0885.jpg,100,100,knife,9,47,76,74
Image0888.jpg,100,100,knife,12,1,71,74
Image0893.jpg,100,100,knife,15,1,65,77
Image0896.jpg,100,100,knife,19,1,72,74
Image0897.jpg,100,100,knife,26,30,85,89
Image0898.jpg,100,100,knife,25,25,84,84
Image0900.jpg,100,100,knife,16,23,78,76
Image0901.jpg,100,100,knife,15,22,77,76
Image0902.jpg,100,100,knife,12,21,74,75
Image0908.jpg,100,100,knife,3,34,81,69
Image0914.jpg,100,100,knife,7,21,78,73
Image0915.jpg,100,100,knife,6,23,77,75
Image0916.jpg,100,100,knife,6,20,75,75
Image0921.jpg,100,100,knife,11,19,75,77
Image0923.jpg,100,100,knife,10,16,71,79
Image0924.jpg,100,100,knife,8,14,71,79
Image0928.jpg,100,100,knife,12,13,69,79
Image0932.jpg,100,100,knife,9,11,60,86
Image0935.jpg,100,100,knife,28,17,65,90
Image0936.jpg,100,100,knife,31,16,65,89
Image0938.jpg,100,100,knife,28,8,61,87
Image0942.jpg,100,100,knife,29,10,54,91
Image0943.jpg,100,100,knife,32,10,55,91
Image0944.jpg,100,100,knife,34,12,53,92
Image0948.jpg,100,100,knife,30,11,55,93
Image0953.jpg,100,100,knife,20,16,60,88
Image0955.jpg,100,100,knife,29,43,65,89
Image0959.jpg,100,100,knife,10,20,66,87
Image0967.jpg,100,100,knife,23,26,78,92
Image0969.jpg,100,100,knife,26,25,69,87
Image0975.jpg,100,100,knife,24,21,67,78
Image0975.jpg,100,100,non-weapon,1,60,46,100
Image0977.jpg,100,100,knife,24,26,63,78
Image0978.jpg,100,100,knife,22,23,60,75
Image0979.jpg,100,100,knife,17,16,62,75
Image0980.jpg,100,100,knife,20,14,61,70
Image0980.jpg,100,100,non-weapon,18,58,50,97
Image0982.jpg,100,100,knife,20,16,63,75
Image0982.jpg,100,100,non-weapon,2,59,35,100
Image0984.jpg,100,100,knife,27,22,67,80
Image0984.jpg,100,100,non-weapon,1,60,28,99
Image0985.jpg,100,100,knife,3,40,64,58
Image0985.jpg,100,100,non-weapon,5,64,38,100
Image0985.jpg,100,100,non-weapon,44,52,72,81
Image0986.jpg,100,100,knife,4,46,55,62
Image0986.jpg,100,100,non-weapon,4,66,38,100
Image0986.jpg,100,100,non-weapon,44,55,72,84
Image0987.jpg,100,100,knife,5,47,57,65
Image0987.jpg,100,100,non-weapon,8,67,42,100
Image0989.jpg,100,100,knife,6,47,55,66
Image0989.jpg,100,100,non-weapon,30,64,64,100
Image0994.jpg,100,100,knife,26,30,86,64
Image1002.jpg,100,100,knife,19,62,69,81
Image1003.jpg,100,100,knife,20,61,76,81
Image1006.jpg,100,100,knife,11,60,62,79
Image1009.jpg,100,100,knife,14,51,77,72
Image1017.jpg,100,100,knife,11,40,61,60
Image1018.jpg,100,100,knife,11,29,61,57
Image1019.jpg,100,100,knife,14,28,65,58
Image1021.jpg,100,100,knife,12,29,66,59
Image1033.jpg,100,100,knife,23,7,62,59
Image1036.jpg,100,100,knife,27,14,60,63
Image1038.jpg,100,100,knife,33,14,55,65
Image1039.jpg,100,100,knife,32,14,62,63
Image1044.jpg,100,100,knife,37,16,60,71
Image1045.jpg,100,100,knife,40,18,57,67
Image1046.jpg,100,100,knife,42,18,60,71
Image1048.jpg,100,100,knife,44,21,58,69
Image1049.jpg,100,100,knife,42,19,58,72
Image1050.jpg,100,100,knife,44,13,55,68
Image1052.jpg,100,100,knife,46,15,60,72
Image1052.jpg,100,100,non-weapon,1,2,36,36
Image1054.jpg,100,100,knife,43,16,61,76
Image1057.jpg,100,100,knife,42,21,60,77
Image1061.jpg,100,100,knife,32,25,63,82
Image1063.jpg,100,100,knife,36,27,68,74
Image1063.jpg,100,100,non-weapon,31,1,45,21
Image1065.jpg,100,100,knife,31,28,68,76
Image1065.jpg,100,100,non-weapon,47,1,58,24
Image1065.jpg,100,100,non-weapon,59,1,88,26
Image1066.jpg,100,100,knife,31,29,64,75
Image1066.jpg,100,100,non-weapon,53,1,65,24
Image1066.jpg,100,100,non-weapon,66,1,95,31
Image1071.jpg,100,100,knife,31,21,43,84
Image1071.jpg,100,100,non-weapon,46,11,60,23
Image1075.jpg,100,100,knife,31,23,57,79
Image1075.jpg,100,100,non-weapon,70,16,85,29
Image1076.jpg,100,100,knife,24,34,77,71
Image1077.jpg,100,100,knife,29,32,85,69
Image1078.jpg,100,100,knife,25,37,86,68
Image1081.jpg,100,100,knife,44,23,91,77
Image1085.jpg,100,100,knife,17,45,83,58
Image1085.jpg,100,100,non-weapon,4,14,26,48
Image1086.jpg,100,100,knife,9,54,73,77
Image1086.jpg,100,100,non-weapon,5,17,29,54
Image1087.jpg,100,100,knife,7,49,77,77
Image1087.jpg,100,100,non-weapon,22,17,43,53
Image1092.jpg,100,100,knife,10,49,82,78
Image1092.jpg,100,100,non-weapon,2,1,42,60
Image1093.jpg,100,100,knife,1,53,72,66
Image1093.jpg,100,100,non-weapon,8,1,48,53
Image1094.jpg,100,100,knife,2,50,69,68
Image1094.jpg,100,100,non-weapon,17,1,56,49
Image1095.jpg,100,100,knife,7,42,68,71
Image1096.jpg,100,100,knife,9,38,68,75
Image1099.jpg,100,100,knife,16,24,56,81
Image1102.jpg,100,100,knife,30,24,50,81
Image1103.jpg,100,100,knife,35,14,48,86
Image1106.jpg,100,100,knife,28,34,81,95
Image1108.jpg,100,100,knife,11,39,80,87
Image1109.jpg,100,100,knife,10,38,77,87
Image1110.jpg,100,100,knife,5,37,82,82
Image1114.jpg,100,100,knife,11,30,42,93
Image1118.jpg,100,100,knife,1,19,79,62
Image1120.jpg,100,100,knife,14,1,57,100
Image1122.jpg,100,100,knife,7,27,79,89
Image1126.jpg,100,100,knife,18,14,59,98
Image1127.jpg,100,100,knife,14,11,69,85
Image1130.jpg,100,100,knife,23,3,78,91
Image1131.jpg,100,100,knife,28,3,70,95
Image1133.jpg,100,100,knife,29,15,66,100
Image1135.jpg,100,100,knife,31,19,58,100
Image1138.jpg,100,100,knife,27,17,56,91
Image1139.jpg,100,100,knife,27,21,63,90
Image1140.jpg,100,100,knife,29,18,60,92
Image1140.jpg,100,100,non-weapon,1,21,36,90
Image1141.jpg,100,100,knife,37,17,56,94
Image1141.jpg,100,100,non-weapon,4,31,38,88
Image1143.jpg,100,100,knife,8,19,66,82
Image1145.jpg,100,100,knife,1,18,81,61
Image1146.jpg,100,100,knife,1,18,87,51
Image1147.jpg,100,100,knife,23,2,61,96
Image1150.jpg,100,100,knife,23,5,46,93
Image1151.jpg,100,100,knife,22,4,53,99
Image1154.jpg,100,100,knife,21,13,64,94
Image1156.jpg,100,100,knife,24,9,62,94
Image1160.jpg,100,100,knife,1,34,90,63
Image1164.jpg,100,100,knife,6,41,94,55
Image1168.jpg,100,100,knife,10,27,72,93
Image1170.jpg,100,100,knife,29,5,52,90
Image1173.jpg,100,100,knife,19,10,66,100
Image1174.jpg,100,100,knife,10,1,57,98
Image1175.jpg,100,100,knife,1,1,55,99
Image1176.jpg,100,100,knife,1,21,68,97
Image1180.jpg,100,100,knife,29,4,47,98
Image1183.jpg,100,100,knife,1,16,88,63
Image1196.jpg,100,100,knife,23,56,82,84
Image1198.jpg,100,100,knife,36,35,89,70
Image1200.jpg,100,100,knife,36,34,84,73
Image1210.jpg,100,100,knife,41,26,61,84
Image1212.jpg,100,100,knife,32,22,46,94
Image1214.jpg,100,100,knife,30,14,57,79
Image1217.jpg,100,100,knife,14,33,48,74
Image1227.jpg,100,100,knife,22,34,70,62
Image1229.jpg,100,100,knife,24,45,77,67
Image1230.jpg,100,100,knife,26,50,77,81
Image1235.jpg,100,100,knife,23,64,83,82
Image1236.jpg,100,100,knife,22,58,78,82
Image1240.jpg,100,100,knife,40,28,55,90
Image1241.jpg,100,100,knife,37,27,51,89
Image1244.jpg,100,100,knife,23,20,51,70
Image1246.jpg,100,100,knife,30,21,59,95
Image1252.jpg,100,100,knife,20,30,75,64
Image1255.jpg,100,100,knife,39,24,82,78
Image1259.jpg,100,100,knife,50,22,71,89
Image1260.jpg,100,100,knife,48,34,72,88
Image1262.jpg,100,100,knife,40,37,77,87
Image1265.jpg,100,100,knife,28,36,69,94
Image1266.jpg,100,100,knife,30,38,66,89
Image1267.jpg,100,100,knife,33,38,67,90
Image1269.jpg,100,100,knife,32,36,62,91
Image1273.jpg,100,100,knife,38,32,77,78
Image1273.jpg,100,100,non-weapon,57,8,81,51
Image1274.jpg,100,100,knife,40,35,92,71
Image1274.jpg,100,100,non-weapon,67,10,90,54
Image1276.jpg,100,100,knife,11,26,76,50
Image1276.jpg,100,100,non-weapon,52,51,77,98
Image1278.jpg,100,100,knife,39,38,80,73
Image1282.jpg,100,100,knife,55,14,78,87
Image1283.jpg,100,100,knife,40,12,60,85
Image1284.jpg,100,100,knife,48,14,58,90
Image1288.jpg,100,100,knife,36,20,71,84
Image1292.jpg,100,100,knife,32,6,47,88
Image1294.jpg,100,100,knife,23,1,55,81
Image1295.jpg,100,100,knife,21,11,56,88
Image1296.jpg,100,100,knife,23,24,62,91
Image1301.jpg,100,100,knife,13,43,75,82
Image1301.jpg,100,100,non-weapon,17,1,48,49
Image1302.jpg,100,100,knife,49,45,65,100
Image1302.jpg,100,100,non-weapon,1,1,30,54
Image1303.jpg,100,100,knife,55,45,67,95
Image1303.jpg,100,100,non-weapon,1,1,29,61
Image1307.jpg,100,100,knife,31,25,73,52
Image1311.jpg,100,100,knife,52,32,87,71
Image1314.jpg,100,100,knife,31,22,77,100
Image1316.jpg,100,100,knife,37,17,60,99
Image1318.jpg,100,100,knife,5,38,51,97
Image1337.jpg,100,100,knife,35,1,75,61
Image1339.jpg,100,100,knife,27,1,77,73
Image1344.jpg,100,100,knife,43,21,55,99
Image1345.jpg,100,100,knife,16,25,72,80
Image1347.jpg,100,100,knife,1,28,87,48
Image1348.jpg,100,100,knife,1,31,82,50
Image1349.jpg,100,100,knife,2,32,83,51
Image1350.jpg,100,100,knife,1,39,79,50
Image1351.jpg,100,100,knife,1,30,68,56
Image1361.jpg,100,100,knife,43,32,95,76
Image1364.jpg,100,100,knife,39,27,77,75
Image1366.jpg,100,100,knife,35,29,75,74
Image1375.jpg,100,100,knife,28,10,66,62
Image1377.jpg,100,100,knife,31,30,89,75
Image1377.jpg,100,100,non-weapon,1,1,32,99
Image1379.jpg,100,100,knife,21,30,85,64
Image1380.jpg,100,100,knife,21,38,91,62
Image1381.jpg,100,100,knife,23,41,100,57
Image1383.jpg,100,100,knife,21,36,88,61
Image1385.jpg,100,100,knife,21,34,92,74
Image1386.jpg,100,100,knife,30,43,97,62
Image1387.jpg,100,100,knife,25,29,91,70
Image1389.jpg,100,100,knife,28,26,45,99
Image1393.jpg,100,100,knife,30,10,48,93
Image1395.jpg,100,100,knife,31,27,58,99
Image1396.jpg,100,100,knife,24,25,58,96
Image1399.jpg,100,100,knife,10,1,81,81
Image1402.jpg,100,100,knife,23,7,100,88
Image1403.jpg,100,100,knife,35,7,100,86
Image1408.jpg,100,100,knife,7,13,88,60
Image1411.jpg,100,100,knife,5,17,83,66
Image1412.jpg,100,100,knife,5,16,81,69
Image1413.jpg,100,100,knife,4,20,78,74
Image1414.jpg,100,100,knife,1,14,76,71
Image1419.jpg,100,100,knife,25,14,63,86
Image1422.jpg,100,100,knife,38,12,62,92
Image1425.jpg,100,100,knife,39,10,86,80
Image1426.jpg,100,100,knife,34,9,76,79
Image1430.jpg,100,100,knife,41,13,53,95
Image1434.jpg,100,100,knife,40,33,56,91
Image1439.jpg,100,100,knife,52,12,77,100
Image1444.jpg,100,100,knife,24,20,70,83
Image1444.jpg,100,100,non-weapon,5,22,20,47
Image1445.jpg,100,100,knife,25,34,74,79
Image1445.jpg,100,100,non-weapon,21,17,35,35
Image1445.jpg,100,100,non-weapon,1,60,35,100
Image1449.jpg,100,100,knife,53,22,91,100
Image1452.jpg,100,100,knife,41,11,56,100
Image1455.jpg,100,100,knife,15,38,89,80
Image1455.jpg,100,100,non-weapon,1,1,23,19
Image1459.jpg,100,100,knife,25,12,76,80
Image1460.jpg,100,100,knife,20,4,61,94
Image1461.jpg,100,100,knife,49,11,70,94
Image1462.jpg,100,100,knife,48,15,70,98
Image1468.jpg,100,100,knife,7,26,85,70
Image1475.jpg,100,100,knife,1,48,85,79
Image1476.jpg,100,100,knife,1,54,82,78
Image1479.jpg,100,100,knife,13,45,69,65
Image1481.jpg,100,100,knife,26,31,77,59
Image1483.jpg,100,100,knife,23,46,83,56
Image1485.jpg,100,100,knife,32,57,89,74
Image1485.jpg,100,100,non-weapon,21,20,53,52
Image1488.jpg,100,100,knife,10,42,82,59
Image1490.jpg,100,100,knife,20,53,90,74
Image1490.jpg,100,100,non-weapon,1,1,48,54
Image1492.jpg,100,100,knife,4,49,74,100
Image1496.jpg,100,100,knife,24,22,66,82
Image1500.jpg,100,100,knife,7,53,72,74
Image1503.jpg,100,100,knife,21,44,79,82
Image1503.jpg,100,100,non-weapon,1,1,30,75
Image1504.jpg,100,100,knife,27,41,86,85
Image1504.jpg,100,100,non-weapon,23,1,53,46
Image1507.jpg,100,100,knife,20,43,75,78
Image1508.jpg,100,100,knife,13,59,79,79
Image1509.jpg,100,100,knife,13,58,81,74
Image1510.jpg,100,100,knife,5,52,69,81
Image1511.jpg,100,100,knife,1,43,51,87
Image1523.jpg,100,100,knife,24,16,79,67
Image1523.jpg,100,100,non-weapon,1,1,29,49
Image1526.jpg,100,100,knife,29,25,78,74
Image1526.jpg,100,100,non-weapon,1,31,27,65
Image1527.jpg,100,100,knife,27,17,63,82
Image1527.jpg,100,100,non-weapon,65,1,97,64
Image1529.jpg,100,100,knife,41,13,56,79
Image1529.jpg,100,100,non-weapon,53,31,83,62
Image1529.jpg,100,100,non-weapon,1,1,39,43
Image1530.jpg,100,100,knife,37,26,70,89
Image1535.jpg,100,100,knife,16,50,91,70
Image1541.jpg,100,100,knife,22,1,56,95
Image1542.jpg,100,100,knife,32,1,46,99
Image1545.jpg,100,100,knife,24,3,57,86
Image1546.jpg,100,100,knife,5,10,63,86
Image1547.jpg,100,100,knife,1,17,58,89
Image1550.jpg,100,100,knife,11,13,56,90
Image1555.jpg,100,100,knife,24,1,49,79
Image1558.jpg,100,100,knife,36,11,56,80
Image1565.jpg,100,100,knife,22,20,68,80
Image1566.jpg,100,100,knife,21,15,63,79
Image1570.jpg,100,100,knife,39,23,85,84
Image1573.jpg,100,100,knife,31,26,70,87
Image1580.jpg,100,100,knife,31,14,57,90
Image1582.jpg,100,100,knife,11,7,52,84
Image1583.jpg,100,100,knife,11,5,51,83
Image1584.jpg,100,100,knife,9,9,50,86
Image1586.jpg,100,100,knife,14,10,53,86
Image1587.jpg,100,100,knife,19,11,58,86
Image1591.jpg,100,100,knife,40,20,64,100
Image1594.jpg,100,100,knife,28,39,91,54
Image1595.jpg,100,100,knife,24,52,78,79
Image1595.jpg,100,100,knife,67,1,92,13
Image1602.jpg,100,100,knife,35,17,52,83
Image1607.jpg,100,100,knife,22,29,69,65
Image1608.jpg,100,100,knife,30,5,80,55
Image1609.jpg,100,100,knife,30,11,80,68
Image1611.jpg,100,100,knife,50,14,74,82
Image1613.jpg,100,100,knife,42,24,73,85
Image1614.jpg,100,100,knife,34,25,69,85
Image1615.jpg,100,100,knife,30,32,78,66
Image1616.jpg,100,100,knife,21,43,83,61
Image1617.jpg,100,100,knife,22,39,81,52
Image1621.jpg,100,100,knife,13,32,44,77
Image1622.jpg,100,100,knife,13,35,39,78
Image1625.jpg,100,100,knife,24,43,66,66
Image1626.jpg,100,100,knife,14,28,70,64
Image1626.jpg,100,100,non-weapon,51,15,85,49
Image1628.jpg,100,100,knife,20,1,56,71
Image1628.jpg,100,100,non-weapon,52,20,80,59
Image1629.jpg,100,100,knife,8,27,64,78
Image1635.jpg,100,100,knife,30,26,66,55
Image1635.jpg,100,100,non-weapon,62,1,90,62
Image1636.jpg,100,100,knife,36,34,72,69
Image1636.jpg,100,100,non-weapon,66,18,100,65
Image1638.jpg,100,100,knife,39,27,51,76
Image1638.jpg,100,100,non-weapon,67,1,100,68
Image1641.jpg,100,100,knife,36,42,65,96
Image1644.jpg,100,100,knife,48,39,67,91
Image1646.jpg,100,100,knife,48,36,69,82
Image1647.jpg,100,100,knife,48,36,81,83
Image1648.jpg,100,100,knife,55,38,88,81
Image1649.jpg,100,100,knife,52,39,87,77
Image1650.jpg,100,100,knife,40,41,82,71
Image1652.jpg,100,100,knife,34,39,83,61
Image1654.jpg,100,100,knife,44,43,93,66
Image1655.jpg,100,100,knife,47,47,88,83
Image1658.jpg,100,100,knife,56,20,72,98
Image1659.jpg,100,100,knife,43,25,96,80
Image1660.jpg,100,100,knife,43,25,94,78
Image1665.jpg,100,100,knife,25,26,75,75
Image1667.jpg,100,100,knife,32,22,51,88
Image1669.jpg,100,100,knife,30,26,61,87
Image1673.jpg,100,100,knife,32,35,67,100
Image1677.jpg,100,100,knife,22,26,59,92
Image1679.jpg,100,100,knife,28,29,60,96
Image1684.jpg,100,100,knife,49,21,60,93
Image1685.jpg,100,100,knife,52,18,64,94
Image1688.jpg,100,100,knife,8,20,67,98
Image1690.jpg,100,100,knife,26,38,85,58
Image1693.jpg,100,100,knife,35,43,84,57
Image1702.jpg,100,100,knife,29,33,66,63
Image1704.jpg,100,100,knife,37,40,71,73
Image1707.jpg,100,100,knife,41,29,62,97
Image1708.jpg,100,100,knife,40,33,59,99
Image1711.jpg,100,100,knife,40,20,67,89
Image1715.jpg,100,100,knife,1,59,59,82
Image1716.jpg,100,100,knife,3,59,72,79
Image1718.jpg,100,100,knife,1,51,66,63
Image1720.jpg,100,100,knife,1,51,67,64
Image1723.jpg,100,100,knife,1,53,64,64
Image1724.jpg,100,100,knife,1,53,67,64
Image1725.jpg,100,100,knife,1,53,67,65
Image1729.jpg,100,100,knife,2,48,68,61
Image1730.jpg,100,100,knife,2,51,69,61
Image1731.jpg,100,100,knife,2,49,69,59
Image1736.jpg,100,100,knife,55,11,69,70
Image1739.jpg,100,100,knife,24,19,80,35
Image1740.jpg,100,100,knife,30,31,82,46
Image1740.jpg,100,100,non-weapon,64,47,82,70
Image1741.jpg,100,100,knife,30,23,79,43
Image1741.jpg,100,100,non-weapon,53,48,71,76
Image1750.jpg,100,100,knife,35,22,73,67
Image1752.jpg,100,100,knife,37,24,72,74
Image1753.jpg,100,100,knife,35,19,69,76
Image1754.jpg,100,100,knife,39,19,65,77
Image1755.jpg,100,100,knife,39,23,61,80
Image1762.jpg,100,100,knife,31,25,75,67
Image1764.jpg,100,100,knife,13,11,77,35
Image1766.jpg,100,100,knife,30,22,78,38
Image1767.jpg,100,100,knife,34,26,78,50
Image1769.jpg,100,100,knife,44,25,78,66
Image1773.jpg,100,100,knife,37,40,58,88
Image1775.jpg,100,100,knife,35,35,67,77
Image1777.jpg,100,100,knife,36,32,74,72
Image1779.jpg,100,100,knife,36,32,57,84
Image1783.jpg,100,100,knife,35,40,54,90
Image1785.jpg,100,100,knife,29,35,70,67
Image1787.jpg,100,100,knife,27,30,72,62
Image1789.jpg,100,100,knife,27,26,76,58
Image1791.jpg,100,100,knife,38,33,81,69
Image1798.jpg,100,100,knife,2,29,72,51
Image1799.jpg,100,100,knife,1,38,74,55
Image1800.jpg,100,100,knife,1,40,70,56
Image1801.jpg,100,100,knife,1,38,76,55
Image1802.jpg,100,100,knife,4,41,81,54
Image1807.jpg,100,100,knife,1,42,75,58
Image1809.jpg,100,100,knife,1,44,75,56
Image1809.jpg,100,100,non-weapon,1,21,27,34
Image1810.jpg,100,100,knife,1,42,78,59
Image1815.jpg,100,100,knife,1,42,79,57
Image1816.jpg,100,100,knife,1,40,69,58
Image1817.jpg,100,100,knife,1,39,69,57
Image1818.jpg,100,100,knife,1,40,73,55
Image1821.jpg,100,100,knife,1,40,84,55
Image1822.jpg,100,100,knife,1,40,77,56
Image1823.jpg,100,100,knife,1,41,75,54
Image1825.jpg,100,100,knife,1,38,75,55
Image1827.jpg,100,100,knife,1,35,80,52
Image1835.jpg,100,100,knife,7,27,87,59
Image1835.jpg,100,100,non-weapon,22,63,99,90
Image1836.jpg,100,100,knife,4,36,85,73
Image1837.jpg,100,100,knife,2,43,82,82
Image1839.jpg,100,100,knife,8,46,86,69
Image1845.jpg,100,100,knife,31,19,55,87
Image1846.jpg,100,100,knife,42,12,60,84
Image1848.jpg,100,100,knife,48,18,74,86
Image1849.jpg,100,100,knife,50,24,80,93
Image1850.jpg,100,100,knife,46,20,77,89
Image1851.jpg,100,100,knife,45,17,65,83
Image1859.jpg,100,100,knife,3,39,72,66
Image1860.jpg,100,100,knife,2,55,75,73
Image1861.jpg,100,100,knife,12,56,73,86
Image1862.jpg,100,100,knife,6,58,76,73
Image1865.jpg,100,100,knife,27,30,56,94
Image1869.jpg,100,100,knife,37,27,56,91
Image1869.jpg,100,100,non-weapon,48,22,100,56
Image1873.jpg,100,100,knife,41,22,56,85
Image1873.jpg,100,100,non-weapon,78,41,98,62
Image1875.jpg,100,100,knife,41,23,60,84
Image1875.jpg,100,100,non-weapon,77,42,100,60
Image1876.jpg,100,100,knife,43,19,58,84
Image1877.jpg,100,100,knife,41,15,57,83
Image1877.jpg,100,100,non-weapon,26,32,44,47
Image1878.jpg,100,100,knife,43,18,59,83
Image1880.jpg,100,100,knife,48,20,65,82
Image1883.jpg,100,100,knife,46,10,65,74
Image1884.jpg,100,100,knife,51,16,68,83
Image1884.jpg,100,100,non-weapon,64,36,100,64
Image1892.jpg,100,100,knife,42,24,69,80
Image1893.jpg,100,100,knife,18,51,93,71
Image1896.jpg,100,100,knife,7,16,86,70
Image1898.jpg,100,100,knife,10,14,77,80
Image1899.jpg,100,100,knife,11,14,78,81
Image1901.jpg,100,100,knife,30,1,79,85
Image1903.jpg,100,100,knife,17,11,80,87
Image1906.jpg,100,100,knife,16,25,76,94
Image1910.jpg,100,100,knife,1,26,95,71
Image1916.jpg,100,100,knife,6,32,87,51
Image1919.jpg,100,100,knife,1,38,82,51
Image1920.jpg,100,100,knife,1,35,86,49
Image1923.jpg,100,100,knife,11,16,74,66
Image1926.jpg,100,100,knife,12,22,55,90
Image1929.jpg,100,100,knife,27,7,53,89
Image1930.jpg,100,100,knife,33,9,56,93
Image1934.jpg,100,100,knife,35,9,51,92
Image1942.jpg,100,100,knife,35,13,56,81
Image1943.jpg,100,100,knife,47,19,64,83
Image1946.jpg,100,100,knife,45,25,66,88
Image1950.jpg,100,100,knife,46,30,65,85
Image1951.jpg,100,100,knife,49,38,73,88
Image1956.jpg,100,100,knife,46,38,59,87
Image1962.jpg,100,100,knife,24,26,55,81
Image1967.jpg,100,100,knife,11,44,70,57
Image1967.jpg,100,100,non-weapon,1,32,23,47
Image1968.jpg,100,100,knife,17,36,66,79
Image1970.jpg,100,100,knife,40,40,62,96
Image1973.jpg,100,100,knife,48,26,68,95
Image1978.jpg,100,100,knife,51,23,68,93
Image1981.jpg,100,100,knife,40,27,69,88
Image1982.jpg,100,100,knife,42,30,69,92
Image1985.jpg,100,100,knife,37,38,67,90
Image1988.jpg,100,100,knife,33,1,50,69
Image1994.jpg,100,100,knife,17,20,49,87
Image1998.jpg,100,100,knife,27,27,56,92
Image1999.jpg,100,100,knife,32,27,61,92
Image2291.jpg,1280,534,gun,406,87,720,405
Image2292.jpg,1280,534,gun,377,119,698,449
Image2294.jpg,1280,534,gun,348,240,664,530
Image2297.jpg,1280,534,gun,348,411,672,534
Image2302.jpg,1280,534,gun,401,403,678,534
Image2302.jpg,1280,534,non-weapon,615,1,900,238
Image2305.jpg,1280,534,gun,387,345,681,520
Image2305.jpg,1280,534,non-weapon,614,1,918,288
Image2308.jpg,1280,534,gun,455,306,731,495
Image2308.jpg,1280,534,non-weapon,634,1,943,320
Image2309.jpg,1280,534,gun,454,299,747,501
Image2309.jpg,1280,534,non-weapon,665,1,949,336
Image2311.jpg,1280,534,gun,457,319,755,524
Image2311.jpg,1280,534,non-weapon,665,1,970,344
Image2314.jpg,1280,534,gun,448,360,772,534
Image2314.jpg,1280,534,non-weapon,670,1,1015,349
Image2315.jpg,1280,534,gun,451,366,775,534
Image2315.jpg,1280,534,non-weapon,675,2,1008,354
Image2317.jpg,1280,534,gun,457,377,776,534
Image2317.jpg,1280,534,non-weapon,656,1,1012,354
Image2324.jpg,1280,534,gun,1066,156,1280,529
Image2324.jpg,1280,534,non-weapon,91,3,645,534
Image2325.jpg,1280,534,gun,1041,199,1280,533
Image2325.jpg,1280,534,non-weapon,98,2,637,534
Image2332.jpg,1280,534,gun,977,327,1280,533
Image2332.jpg,1280,534,non-weapon,140,1,929,534
Image2333.jpg,1280,534,gun,979,316,1280,532
Image2333.jpg,1280,534,non-weapon,156,1,944,531
Image2334.jpg,1280,534,gun,937,302,1280,533
Image2334.jpg,1280,534,non-weapon,145,1,883,531
Image2338.jpg,1280,534,gun,444,218,942,505
Image2338.jpg,1280,534,non-weapon,7,1,593,534
Image2344.jpg,1280,534,gun,449,141,949,474
Image2346.jpg,1280,534,gun,410,129,765,534
Image2347.jpg,1280,534,gun,426,127,749,534
Image2349.jpg,1280,534,gun,418,158,776,534
Image2351.jpg,1280,534,gun,292,136,623,531
Image2352.jpg,1280,534,gun,282,156,610,534
Image2354.jpg,1280,534,gun,323,182,652,534
Image2365.jpg,1280,534,gun,964,189,1239,482
Image2365.jpg,1280,534,gun,771,69,900,159
Image2365.jpg,1280,534,gun,651,75,763,168
Image2365.jpg,1280,534,non-weapon,107,1,579,311
Image2375.jpg,1280,534,gun,432,353,619,514
Image2375.jpg,1280,534,non-weapon,209,12,625,346
Image2375.jpg,1280,534,non-weapon,147,257,198,375
Image2380.jpg,1280,534,gun,368,368,490,453
Image2380.jpg,1280,534,gun,545,445,610,472
Image2380.jpg,1280,534,gun,569,131,620,163
Image2380.jpg,1280,534,gun,528,130,569,160
Image2380.jpg,1280,534,gun,489,131,534,161
Image2380.jpg,1280,534,gun,451,132,494,162
Image2380.jpg,1280,534,gun,417,127,444,154
Image2380.jpg,1280,534,gun,472,204,511,240
Image2380.jpg,1280,534,gun,411,213,454,241
Image2380.jpg,1280,534,gun,393,280,434,316
Image2380.jpg,1280,534,gun,486,279,526,322
Image2380.jpg,1280,534,gun,526,290,576,318
Image2380.jpg,1280,534,gun,772,140,819,174
Image2380.jpg,1280,534,gun,827,141,866,173
Image2380.jpg,1280,534,gun,871,142,906,172
Image2380.jpg,1280,534,gun,907,130,948,174
Image2380.jpg,1280,534,gun,941,142,977,168
Image2380.jpg,1280,534,gun,872,212,923,248
Image2380.jpg,1280,534,gun,766,207,808,242
Image2380.jpg,1280,534,gun,773,441,801,468
Image2380.jpg,1280,534,gun,809,442,843,467
Image2380.jpg,1280,534,gun,861,443,887,466
Image2380.jpg,1280,534,non-weapon,982,14,1191,534
Image2380.jpg,1280,534,non-weapon,170,1,404,534
Image2382.jpg,1280,534,gun,404,127,445,162
Image2382.jpg,1280,534,gun,444,127,487,156
Image2382.jpg,1280,534,gun,489,131,536,159
Image2382.jpg,1280,534,gun,529,127,568,163
Image2382.jpg,1280,534,gun,569,129,615,166
Image2382.jpg,1280,534,gun,778,141,822,165
Image2382.jpg,1280,534,gun,829,140,868,171
Image2382.jpg,1280,534,gun,521,427,600,487
Image2382.jpg,1280,534,gun,468,207,513,243
Image2382.jpg,1280,534,gun,409,208,453,242
Image2382.jpg,1280,534,gun,394,286,437,313
Image2382.jpg,1280,534,gun,471,280,529,318
Image2382.jpg,1280,534,gun,523,293,573,321
Image2382.jpg,1280,534,gun,566,301,625,318
Image2382.jpg,1280,534,gun,768,208,809,239
Image2382.jpg,1280,534,gun,874,214,912,246
Image2382.jpg,1280,534,gun,767,442,795,467
Image2382.jpg,1280,534,gun,811,441,843,465
Image2382.jpg,1280,534,gun,858,442,891,469
Image2382.jpg,1280,534,gun,940,143,986,174
Image2382.jpg,1280,534,gun,904,141,958,167
Image2382.jpg,1280,534,gun,873,136,910,171
Image2382.jpg,1280,534,gun,822,223,862,240
Image2382.jpg,1280,534,gun,919,229,976,245
Image2382.jpg,1280,534,non-weapon,171,18,403,534
Image2382.jpg,1280,534,non-weapon,982,5,1204,534
Image2385.jpg,1280,534,gun,652,287,769,520
Image2385.jpg,1280,534,non-weapon,798,3,1149,288
Image2387.jpg,1280,534,gun,615,311,711,534
Image2387.jpg,1280,534,non-weapon,745,1,1280,534
Image2393.jpg,1280,534,gun,295,235,714,518
Image2395.jpg,1280,534,gun,316,142,766,464
Image2403.jpg,1280,534,gun,430,7,659,379
Image2407.jpg,1280,534,gun,234,53,635,347
Image2410.jpg,1280,534,gun,389,7,890,281
Image2414.jpg,1280,534,gun,353,317,784,534
Image2418.jpg,1280,534,gun,264,280,711,481
Image2426.jpg,1280,534,knife,139,239,535,528
Image2428.jpg,1280,534,knife,629,405,687,534
Image2428.jpg,1280,534,non-weapon,502,2,1171,403
Image2429.jpg,1280,534,knife,637,413,696,534
Image2429.jpg,1280,534,non-weapon,507,1,1162,414
Image2431.jpg,1280,534,knife,651,382,702,534
Image2431.jpg,1280,534,non-weapon,527,3,1175,380
Image2432.jpg,1280,534,knife,657,352,702,534
Image2432.jpg,1280,534,non-weapon,534,2,1170,346
Image2438.jpg,1280,534,gun,447,127,533,329
Image2438.jpg,1280,534,non-weapon,86,73,222,534
Image2438.jpg,1280,534,non-weapon,2,100,102,534
Image2438.jpg,1280,534,non-weapon,706,139,803,530
Image2438.jpg,1280,534,non-weapon,548,170,675,526
Image2438.jpg,1280,534,non-weapon,834,22,1010,534
Image2450.jpg,1280,534,gun,809,215,830,249
Image2450.jpg,1280,534,non-weapon,30,182,180,534
Image2450.jpg,1280,534,non-weapon,988,72,1091,172
Image2450.jpg,1280,534,non-weapon,327,211,382,459
Image2450.jpg,1280,534,non-weapon,262,211,322,458
Image2450.jpg,1280,534,non-weapon,968,173,1096,534
Image2450.jpg,1280,534,non-weapon,817,103,909,195
Image2456.jpg,1280,534,gun,599,152,747,224
Image2456.jpg,1280,534,non-weapon,232,230,317,314
Image2456.jpg,1280,534,non-weapon,781,38,854,139
Image2456.jpg,1280,534,non-weapon,968,43,1065,143
Image2456.jpg,1280,534,non-weapon,571,26,703,146
Image2458.jpg,1280,534,gun,282,261,336,340
Image2458.jpg,1280,534,non-weapon,566,25,644,212
Image2458.jpg,1280,534,non-weapon,988,31,1056,118
Image2464.jpg,1280,534,gun,1,449,171,534
Image2464.jpg,1280,534,non-weapon,179,2,1056,534
Image2466.jpg,1280,534,gun,50,481,200,534
Image2466.jpg,1280,534,non-weapon,204,3,1109,534
Image2468.jpg,1280,534,gun,653,407,693,436
Image2468.jpg,1280,534,non-weapon,416,146,467,455
Image2468.jpg,1280,534,non-weapon,344,154,409,455
Image2468.jpg,1280,534,non-weapon,836,9,920,173
Image2468.jpg,1280,534,non-weapon,158,100,238,349
Image2468.jpg,1280,534,non-weapon,507,152,576,461
Image2470.jpg,1280,534,gun,676,269,693,305
Image2470.jpg,1280,534,non-weapon,863,55,944,249
Image2470.jpg,1280,534,non-weapon,202,175,275,408
Image2470.jpg,1280,534,non-weapon,509,144,641,534
Image2470.jpg,1280,534,non-weapon,693,98,809,534
Image2473.jpg,1280,534,gun,610,277,633,319
Image2478.jpg,1280,534,gun,523,303,552,349
Image2484.jpg,1280,534,gun,321,293,358,320
Image2486.jpg,1280,534,gun,634,213,682,256
Image2490.jpg,1280,534,non-weapon,786,43,948,250
Image2491.jpg,1280,534,gun,584,236,616,263
Image2491.jpg,1280,534,non-weapon,753,75,882,246
Image2491.jpg,1280,534,non-weapon,209,45,344,114
Image2503.jpg,1280,534,gun,398,287,579,414
Image2503.jpg,1280,534,non-weapon,215,1,453,254
Image2503.jpg,1280,534,non-weapon,695,2,957,194
Image2503.jpg,1280,534,non-weapon,1139,64,1280,339
Image2505.jpg,1280,534,gun,460,271,660,371
Image2505.jpg,1280,534,non-weapon,702,1,947,217
Image2505.jpg,1280,534,non-weapon,925,1,1140,186
Image2505.jpg,1280,534,non-weapon,1179,3,1280,182
Image2505.jpg,1280,534,non-weapon,232,30,445,318
Image2510.jpg,1280,534,gun,675,235,798,334
Image2510.jpg,1280,534,non-weapon,927,96,1026,218
Image2510.jpg,1280,534,non-weapon,722,89,830,212
Image2513.jpg,1280,534,gun,678,278,793,345
Image2513.jpg,1280,534,non-weapon,466,79,588,229
Image2520.jpg,1280,534,gun,166,289,306,363
Image2520.jpg,1280,534,non-weapon,12,34,148,202
Image2520.jpg,1280,534,non-weapon,297,66,522,313
Image2520.jpg,1280,534,non-weapon,1076,75,1280,486
Image2526.jpg,1280,534,gun,657,251,777,460
Image2526.jpg,1280,534,non-weapon,811,85,1055,534
Image2526.jpg,1280,534,non-weapon,1149,108,1253,259
Image2527.jpg,1280,534,gun,594,289,707,431
Image2527.jpg,1280,534,non-weapon,762,77,897,534
Image2527.jpg,1280,534,non-weapon,402,1,495,112
Image2527.jpg,1280,534,non-weapon,1109,72,1188,170
Image2530.jpg,1280,534,gun,655,196,766,352
Image2532.jpg,1280,534,gun,591,220,696,362
Image2535.jpg,1280,534,gun,541,275,620,370
Image2537.jpg,1280,534,gun,522,350,634,402
Image2538.jpg,1280,534,gun,586,305,701,365
Image2542.jpg,1280,534,gun,360,193,499,349
Image2545.jpg,1280,534,gun,575,174,693,251
Image2546.jpg,1280,534,gun,347,208,400,297
Image2546.jpg,1280,534,gun,628,228,737,296
Image2546.jpg,1280,534,non-weapon,794,81,920,209
Image2547.jpg,1280,534,gun,614,288,708,344
Image2547.jpg,1280,534,non-weapon,743,114,858,264
Image2556.jpg,1280,534,gun,452,301,541,382
Image2557.jpg,1280,534,gun,532,239,597,309
Image2560.jpg,1280,534,gun,549,192,617,248
Image2568.jpg,1280,534,gun,607,149,676,251
Image2569.jpg,1280,534,gun,541,116,593,213
Image2574.jpg,1280,534,gun,507,400,647,505
Image2575.jpg,1280,534,gun,579,203,678,277
Image2577.jpg,1280,534,gun,510,362,637,456
Image2579.jpg,1280,534,gun,610,226,689,342
Image2579.jpg,1280,534,non-weapon,978,156,1042,307
Image2579.jpg,1280,534,non-weapon,1184,155,1240,293
Image2580.jpg,1280,534,gun,534,197,636,316
Image2580.jpg,1280,534,non-weapon,986,149,1047,299
Image2580.jpg,1280,534,non-weapon,1198,136,1258,272
Image2581.jpg,1280,534,gun,443,185,561,363
Image2581.jpg,1280,534,non-weapon,1009,166,1077,329
Image2581.jpg,1280,534,non-weapon,1222,158,1280,324
Image2589.jpg,1280,534,gun,262,138,394,314
Image2589.jpg,1280,534,non-weapon,1066,177,1118,334
Image2590.jpg,1280,534,gun,265,152,406,346
Image2590.jpg,1280,534,non-weapon,1067,171,1123,334
Image2594.jpg,1280,534,gun,200,191,321,338
Image2594.jpg,1280,534,non-weapon,1075,166,1130,330
Image2597.jpg,1280,534,gun,974,215,1015,267
Image2597.jpg,1280,534,gun,185,315,325,450
Image2597.jpg,1280,534,non-weapon,1079,167,1147,332
Image2600.jpg,1280,534,gun,339,308,503,434
Image2602.jpg,1280,534,gun,320,321,495,449
Image2602.jpg,1280,534,gun,978,200,1014,253
Image2614.jpg,1280,534,gun,552,285,619,334
Image2617.jpg,1280,534,gun,545,365,633,424
Image2621.jpg,1280,534,gun,333,377,374,465
Image2622.jpg,1280,534,gun,858,318,1028,453
Image2622.jpg,1280,534,gun,518,291,650,380
Image2627.jpg,1280,534,gun,640,285,764,386
Image2628.jpg,1280,534,gun,741,218,793,300
Image2629.jpg,1280,534,gun,656,211,762,267
Image2631.jpg,1280,534,gun,436,1,476,56
Image2635.jpg,1280,534,gun,441,131,543,208
Image2644.jpg,1280,534,gun,658,298,796,339
Image2653.jpg,1280,534,gun,482,102,574,221
Image2654.jpg,1280,534,gun,410,284,580,418
Image2656.jpg,1280,534,gun,276,223,417,306
Image2662.jpg,1280,534,gun,343,280,476,347
Image2665.jpg,1280,534,gun,392,281,520,332
Image2666.jpg,1280,534,gun,361,285,507,337
Image2668.jpg,1280,534,gun,380,290,525,351
Image2669.jpg,1280,534,gun,395,295,512,346
Image2671.jpg,1280,534,gun,586,150,608,190
Image2676.jpg,1280,534,gun,396,249,441,275
Image2676.jpg,1280,534,non-weapon,376,23,568,246
Image2676.jpg,1280,534,non-weapon,971,188,1057,280
Image2676.jpg,1280,534,non-weapon,957,321,1159,500
Image2676.jpg,1280,534,non-weapon,694,103,771,262
Image2677.jpg,1280,534,gun,415,254,453,278
Image2677.jpg,1280,534,non-weapon,395,21,568,250
Image2677.jpg,1280,534,non-weapon,702,102,786,268
Image2677.jpg,1280,534,non-weapon,934,311,1162,512
Image2677.jpg,1280,534,non-weapon,967,190,1054,286
Image2679.jpg,1280,534,gun,422,260,458,286
Image2679.jpg,1280,534,non-weapon,415,27,584,261
Image2679.jpg,1280,534,non-weapon,713,90,771,273
Image2679.jpg,1280,534,non-weapon,971,191,1062,299
Image2679.jpg,1280,534,non-weapon,976,331,1188,534
Image2681.jpg,1280,534,gun,368,374,424,458
Image2681.jpg,1280,534,non-weapon,722,108,806,322
Image2681.jpg,1280,534,non-weapon,417,46,601,461
Image2682.jpg,1280,534,gun,361,396,417,486
Image2682.jpg,1280,534,non-weapon,726,108,812,338
Image2682.jpg,1280,534,non-weapon,408,32,599,511
Image2685.jpg,1280,534,gun,328,443,391,533
Image2685.jpg,1280,534,non-weapon,386,38,606,534
Image2685.jpg,1280,534,non-weapon,732,126,809,358
Image2687.jpg,1280,534,gun,311,471,372,533
Image2687.jpg,1280,534,non-weapon,297,34,599,471
Image2687.jpg,1280,534,non-weapon,732,129,808,359
Image2689.jpg,1280,534,gun,376,396,482,474
Image2691.jpg,1280,534,gun,345,306,429,415
Image2695.jpg,1280,534,gun,808,206,866,256
Image2696.jpg,1280,534,gun,980,221,1063,279
Image2703.jpg,1280,534,gun,871,255,901,318
Image2708.jpg,1280,534,gun,876,252,909,313
Image2713.jpg,1280,534,gun,848,274,881,335
Image2715.jpg,1280,534,gun,836,278,873,345
Image2719.jpg,1280,534,gun,823,272,862,333
Image2723.jpg,1280,534,gun,597,169,615,207
Image2724.jpg,1280,534,gun,574,179,604,217
Image2725.jpg,1280,534,gun,575,174,598,213
Image2726.jpg,1280,534,gun,510,291,534,339
Image2727.jpg,1280,534,gun,506,292,535,346
Image2728.jpg,1280,534,gun,507,289,531,342
Image2730.jpg,1280,534,gun,508,300,537,353
Image2740.jpg,1280,534,gun,635,361,823,462
Image2742.jpg,1280,534,gun,301,345,489,451
Image2750.jpg,1280,534,gun,425,274,472,322
Image2754.jpg,1280,534,gun,660,315,725,378
Image2754.jpg,1280,534,gun,815,288,862,359
Image2757.jpg,1280,534,gun,767,323,814,407
Image2757.jpg,1280,534,gun,471,302,548,371
Image2762.jpg,1280,534,gun,378,258,461,310
Image2762.jpg,1280,534,gun,794,224,905,269
Image2771.jpg,1280,534,gun,588,275,673,333
Image2775.jpg,1280,534,gun,739,166,798,206
Image2778.jpg,1280,534,gun,654,208,777,357
Image2779.jpg,1280,534,gun,568,240,652,370
Image2787.jpg,1280,534,gun,354,280,487,387
Image2790.jpg,1280,534,gun,1,118,88,228
Image2791.jpg,1280,534,gun,1068,422,1159,494
Image2796.jpg,1280,534,gun,766,182,833,211
Image2797.jpg,1280,534,gun,714,181,778,207
Image2806.jpg,1280,534,gun,298,293,341,350
Image2808.jpg,1280,534,gun,243,280,300,343
Image2815.jpg,1280,534,gun,760,107,889,146
Image2818.jpg,1280,534,gun,639,168,771,223
Image2822.jpg,1280,534,gun,800,314,889,355
Image2827.jpg,1280,534,gun,739,415,806,466
Image2840.jpg,1280,534,knife,880,8,1012,309
Image2842.jpg,1280,534,knife,798,1,919,366
Image2846.jpg,1280,534,knife,644,1,766,386
Image2847.jpg,1280,534,knife,628,1,714,317
Image2848.jpg,1280,534,knife,636,1,700,201
Image2851.jpg,1280,534,knife,559,1,612,143
Image2855.jpg,1280,534,knife,580,1,660,196
Image2856.jpg,1280,534,knife,834,361,1107,459
Image2857.jpg,1280,534,knife,822,333,1061,407
Image2862.jpg,1280,534,knife,741,145,808,204
Image2864.jpg,1280,534,knife,759,189,834,248
Image2865.jpg,1280,534,knife,772,221,836,279
Image2867.jpg,1280,534,knife,576,271,686,304
Image2870.jpg,1280,534,knife,618,244,721,306
Image2874.jpg,1280,534,knife,584,254,745,302
Image2884.jpg,1280,534,gun,631,198,805,478
Image2887.jpg,1280,534,gun,583,210,775,534
Image2892.jpg,1280,534,gun,95,226,249,456
Image2893.jpg,1280,534,gun,676,26,784,88
Image2894.jpg,1280,534,gun,636,1,737,47
Image2894.jpg,1280,534,knife,690,343,774,430
Image2896.jpg,1280,534,gun,1090,254,1260,493
Image2898.jpg,1280,534,gun,1002,391,1243,534
Image2902.jpg,1280,534,gun,812,127,1019,306
Image2917.jpg,1280,534,knife,674,58,775,290
Image2922.jpg,1280,534,knife,638,20,727,247
Image2923.jpg,1280,534,knife,676,50,764,279
Image2925.jpg,1280,534,gun,867,77,1057,243
Image2929.jpg,1280,534,gun,434,88,669,255
Image2931.jpg,1280,534,gun,471,203,708,368
Image2934.jpg,1280,534,gun,522,206,726,345
Image2935.jpg,1280,534,gun,490,211,644,333
Image2936.jpg,1280,534,gun,91,145,249,344
Image2937.jpg,1280,534,gun,192,65,310,194
Image2941.jpg,1280,534,gun,599,387,720,528
Image2942.jpg,1280,534,gun,590,386,695,499
Image2944.jpg,1280,534,gun,629,138,709,249
Image2953.jpg,1280,534,gun,597,145,787,268
Image2956.jpg,1280,534,gun,664,96,845,223
Image2957.jpg,1280,534,gun,695,81,887,210
Image2960.jpg,1280,534,gun,583,1,726,55
Image2962.jpg,1280,534,gun,476,1,616,57
Image2963.jpg,1280,534,gun,492,1,651,73
Image2968.jpg,1280,534,gun,553,311,588,356
Image2970.jpg,1280,534,gun,563,296,612,331
Image2976.jpg,1280,534,gun,29,180,305,335
Image2978.jpg,1280,534,gun,703,120,763,191
Image2981.jpg,1280,534,gun,684,145,759,215
Image2983.jpg,1280,534,gun,679,146,751,218
Image2984.jpg,1280,534,gun,680,153,744,226
Image2986.jpg,1280,534,gun,662,170,730,255
Image2988.jpg,1280,534,gun,653,180,719,251
Image2990.jpg,1280,534,gun,665,181,721,247
Image2994.jpg,1280,534,gun,218,196,332,305
Image2998.jpg,1280,534,gun,362,289,491,382
Image3005.jpg,1280,534,knife,283,243,324,349
Image3005.jpg,1280,534,gun,706,249,791,318
Image3006.jpg,1280,534,gun,733,267,791,323
Image3006.jpg,1280,534,knife,306,276,359,390
Image3008.jpg,1280,534,knife,387,317,425,437
Image3009.jpg,1280,534,knife,426,332,472,450
Image3010.jpg,1280,534,knife,175,319,228,447
Image3015.jpg,1280,534,gun,589,393,781,489
Image3019.jpg,1280,534,gun,470,288,626,348
Image3020.jpg,1280,534,gun,395,266,577,349
Image3021.jpg,1280,534,gun,363,254,532,352
Image3022.jpg,1280,534,gun,157,347,275,419
Image3023.jpg,1280,534,gun,179,325,274,388
Image3025.jpg,1280,534,gun,601,416,907,494
Image3026.jpg,1280,534,gun,426,391,700,498
Image3028.jpg,1280,534,gun,320,328,588,491
Image3031.jpg,1280,534,gun,189,395,462,531
Image3032.jpg,1280,534,gun,281,410,534,534
Image3033.jpg,1280,534,gun,574,135,621,187
Image3033.jpg,1280,534,non-weapon,1202,379,1266,454
Image3033.jpg,1280,534,non-weapon,890,229,1025,435
Image3035.jpg,1280,534,gun,814,227,935,304
Image3040.jpg,1280,534,gun,785,122,852,213
Image3041.jpg,1280,534,gun,767,120,820,198
Image3041.jpg,1280,534,non-weapon,1216,420,1280,501
Image3042.jpg,1280,534,gun,758,170,793,229
Image3046.jpg,1280,534,gun,453,86,734,233
Image3052.jpg,1280,534,non-weapon,975,344,1034,416
Image3054.jpg,1280,534,gun,406,401,508,530
Image3057.jpg,1280,534,gun,516,336,715,495
Image3059.jpg,1280,534,gun,348,332,512,531
Image3060.jpg,1280,534,gun,199,376,359,531
Image3062.jpg,1280,534,gun,356,154,513,363
Image3064.jpg,1280,534,gun,422,120,570,336
Image3066.jpg,1280,534,gun,368,159,531,368
Image3068.jpg,1280,534,gun,890,1,990,180
Image3070.jpg,1280,534,gun,738,1,812,189
Image3080.jpg,1280,534,gun,420,53,576,264
Image3081.jpg,1280,534,gun,416,94,581,289
Image3082.jpg,1280,534,gun,436,140,618,334
Image3083.jpg,1280,534,gun,435,181,620,358
Image3084.jpg,1280,534,gun,268,49,494,168
Image3091.jpg,1280,534,gun,334,170,525,359
Image3099.jpg,1280,534,gun,56,77,176,277
Image3103.jpg,1280,534,gun,81,89,218,284
Image3105.jpg,1280,534,gun,106,104,220,304
Image3117.jpg,1280,534,gun,574,444,630,534
Image3124.jpg,1280,534,gun,566,267,633,317
Image3127.jpg,1280,534,gun,561,294,631,349
Image3130.jpg,1280,534,gun,543,332,615,399
Image3132.jpg,1280,534,gun,859,266,895,328
Image3137.jpg,1280,534,gun,497,1,622,332
Image3137.jpg,1280,534,gun,858,263,896,322
Image3138.jpg,1280,534,gun,542,96,634,370
Image3138.jpg,1280,534,gun,857,266,898,316
Image3142.jpg,1280,534,gun,463,104,677,436
Image3142.jpg,1280,534,gun,849,264,895,338
Image3143.jpg,1280,534,gun,462,110,676,450
Image3143.jpg,1280,534,gun,853,261,899,321
Image3146.jpg,1280,534,gun,450,124,663,493
Image3146.jpg,1280,534,non-weapon,844,254,897,331
Image3152.jpg,1280,534,gun,424,134,636,500
Image3152.jpg,1280,534,non-weapon,850,259,902,346
Image3154.jpg,1280,534,gun,420,142,630,494
Image3154.jpg,1280,534,non-weapon,853,252,891,332
Image3161.jpg,1280,534,gun,691,282,769,337
Image3167.jpg,1280,534,gun,736,244,809,303
Image3168.jpg,1280,534,gun,760,261,820,307
Image3174.jpg,1280,534,gun,861,194,953,244
Image3176.jpg,1280,534,gun,854,202,967,243
Image3177.jpg,1280,534,gun,808,182,937,247
Image3178.jpg,1280,534,gun,766,194,893,253
Image3179.jpg,1280,534,gun,759,236,885,291
Image3182.jpg,1280,534,gun,363,198,450,275
Image3184.jpg,1280,534,gun,505,296,557,356
Image3186.jpg,1280,534,gun,887,306,1069,437
Image3191.jpg,1280,534,gun,797,252,1044,478
Image3193.jpg,1280,534,gun,832,291,1063,488
Image3206.jpg,1280,534,gun,430,198,466,264
Image3207.jpg,1280,534,gun,419,233,478,343
Image3208.jpg,1280,534,gun,414,236,455,327
Image3209.jpg,1280,534,gun,663,206,747,343
Image3216.jpg,1280,534,gun,709,174,741,226
Image3217.jpg,1280,534,gun,408,375,550,445
Image3226.jpg,1280,534,gun,598,286,623,319
Image3228.jpg,1280,534,gun,611,285,643,324
Image3231.jpg,1280,534,gun,620,270,680,313
Image3236.jpg,1280,534,gun,644,246,693,294
Image3245.jpg,1280,534,gun,117,139,1168,534
Image3246.jpg,1280,534,gun,189,94,1050,534
Image3250.jpg,1280,534,gun,641,253,679,318
Image3254.jpg,1280,534,gun,672,290,693,365
Image3255.jpg,1280,534,gun,666,280,702,365
Image3256.jpg,1280,534,gun,690,268,716,357
Image3258.jpg,1280,534,gun,667,299,708,380
Image3261.jpg,1280,534,gun,634,345,672,417
Image3263.jpg,1280,534,knife,254,176,406,434
Image3264.jpg,1280,534,knife,255,149,406,423
Image3269.jpg,1280,534,knife,90,343,483,488
Image3272.jpg,1280,534,knife,305,181,634,534
Image3275.jpg,1280,534,knife,508,182,751,498
Image3279.jpg,1280,534,knife,518,68,747,378
Image3280.jpg,1280,534,knife,541,47,785,357
Image3281.jpg,1280,534,knife,481,80,743,320
Image3282.jpg,1280,534,knife,536,257,1006,505
Image3284.jpg,1280,534,knife,594,239,880,278
Image3289.jpg,1280,534,knife,692,1,1236,275
Image3291.jpg,1280,534,knife,977,40,1171,121
Image3295.jpg,1280,534,knife,693,156,715,218
Image3301.jpg,1280,534,knife,698,390,754,505
Image3301.jpg,1280,534,non-weapon,885,481,995,534
Image3305.jpg,1280,534,knife,335,74,508,324
Image3305.jpg,1280,534,knife,755,491,847,516
Image3305.jpg,1280,534,non-weapon,869,290,1019,425
Image3307.jpg,1280,534,knife,331,110,483,359
Image3307.jpg,1280,534,knife,729,475,821,511
Image3307.jpg,1280,534,non-weapon,825,198,958,359
Image3313.jpg,1280,534,knife,201,280,339,534
Image3321.jpg,1280,534,knife,439,93,632,399
Image3321.jpg,1280,534,knife,870,154,943,307
Image3322.jpg,1280,534,knife,363,56,537,373
Image3325.jpg,1280,534,knife,618,203,733,312
Image3327.jpg,1280,534,knife,542,288,593,378
Image3333.jpg,1280,534,knife,696,243,829,322
Image3339.jpg,1280,534,gun,618,331,660,460
Image3345.jpg,1280,534,knife,828,250,920,372
Image3346.jpg,1280,534,knife,227,464,271,486
Image3351.jpg,1280,534,knife,554,260,636,297
Image3357.jpg,1280,534,knife,468,337,519,360
Image3360.jpg,1280,534,knife,496,326,542,347
Image3368.jpg,1280,534,knife,362,303,403,341
Image3369.jpg,1280,534,knife,323,282,373,311
Image3371.jpg,1280,534,knife,229,183,285,234
Image3377.jpg,1280,534,gun,386,301,458,363
Image3378.jpg,1280,534,gun,365,308,444,372
Image3383.jpg,1280,534,gun,741,186,802,227
Image3402.jpg,1280,534,gun,399,234,660,523
Image3403.jpg,1280,534,gun,388,231,645,526
Image3404.jpg,1280,534,gun,367,230,640,524
Image3417.jpg,1280,534,gun,680,348,862,465
Image3423.jpg,1280,534,gun,692,281,881,351
Image3428.jpg,1280,534,gun,489,214,693,430
Image3429.jpg,1280,534,gun,488,218,696,434
Image3435.jpg,1280,534,gun,671,469,747,524
Image3437.jpg,1280,534,gun,670,469,749,520
Image3440.jpg,1280,534,gun,544,241,839,421
Image3442.jpg,1280,534,gun,540,234,859,418
Image3444.jpg,1280,534,gun,545,254,687,432
Image3446.jpg,1280,534,gun,576,278,731,443
Image3452.jpg,1280,534,gun,535,359,983,534
Image3453.jpg,1280,534,gun,447,214,795,312
Image3454.jpg,1280,534,gun,315,44,609,215
Image3457.jpg,1280,534,gun,485,102,712,315
Image3458.jpg,1280,534,gun,520,164,928,517
Image3461.jpg,1280,534,gun,678,320,1016,534
Image3463.jpg,1280,534,gun,628,315,950,523
Image3464.jpg,1280,534,gun,567,288,959,534
Image3470.jpg,1280,534,gun,405,65,843,344
Image3472.jpg,1280,534,gun,371,208,765,372
Image3474.jpg,1280,534,gun,429,109,641,367
Image3478.jpg,1280,534,gun,276,311,599,421
Image3484.jpg,1280,534,gun,457,116,651,379
Image3488.jpg,1280,534,gun,424,206,645,430
Image3494.jpg,1280,534,gun,725,153,789,198
Image3494.jpg,1280,534,non-weapon,73,1,275,357
Image3494.jpg,1280,534,non-weapon,333,131,380,290
Image3495.jpg,1280,534,gun,794,209,899,282
Image3496.jpg,1280,534,gun,775,203,883,275
Image3497.jpg,1280,534,gun,734,180,849,256
Image3503.jpg,1280,534,gun,625,145,804,341
Image3504.jpg,1280,534,gun,656,109,802,314
Image3505.jpg,1280,534,gun,672,97,768,295
Image3508.jpg,1280,534,gun,645,342,795,426
Image3509.jpg,1280,534,gun,502,347,618,415
Image3515.jpg,1280,534,gun,572,433,681,502
Image3517.jpg,1280,534,gun,512,370,606,433
Image3519.jpg,1280,534,gun,425,353,527,410
Image3521.jpg,1280,534,gun,418,194,500,258
Image3521.jpg,1280,534,non-weapon,252,223,439,534
Image3522.jpg,1280,534,gun,468,199,545,269
Image3525.jpg,1280,534,gun,493,337,578,392
Image3528.jpg,1280,534,gun,483,270,540,294
Image3528.jpg,1280,534,non-weapon,807,14,970,299
Image3534.jpg,1280,534,gun,493,238,551,274
Image3537.jpg,1280,534,gun,437,285,511,301
Image3540.jpg,1280,534,gun,334,288,401,334
Image3544.jpg,1280,534,gun,484,222,535,272
Image3548.jpg,1280,534,gun,475,163,530,227
Image3552.jpg,1280,534,gun,573,226,623,326
Image3554.jpg,1280,534,gun,607,282,649,386
Image3559.jpg,1280,534,gun,532,64,651,228
Image3561.jpg,1280,534,gun,486,1,589,163
Image3566.jpg,1280,534,gun,502,12,655,291
Image3568.jpg,1280,534,gun,485,115,600,349
Image3569.jpg,1280,534,gun,490,16,678,292
Image3570.jpg,1280,534,gun,494,52,723,338
Image3577.jpg,1280,534,gun,850,163,888,216
Image3583.jpg,1280,534,gun,447,216,505,272
Image3585.jpg,1280,534,gun,541,304,583,350
Image3586.jpg,1280,534,gun,530,261,557,298
Image3588.jpg,1280,534,gun,652,276,711,334
Image3592.jpg,1280,534,gun,575,378,631,420
Image3595.jpg,1280,534,gun,1000,266,1028,320
Image3601.jpg,1280,534,gun,744,160,787,219
Image3602.jpg,1280,534,gun,735,116,777,190
Image3605.jpg,1280,534,gun,831,236,914,268
Image3606.jpg,1280,534,gun,942,181,974,206
Image3612.jpg,1280,534,gun,667,327,741,357
Image3617.jpg,1280,534,gun,421,141,449,177
Image3620.jpg,1280,534,gun,507,178,521,208
Image3622.jpg,1280,534,gun,507,185,519,221
Image3624.jpg,1280,534,gun,515,204,533,238
Image3627.jpg,1280,534,gun,572,435,639,496
Image3634.jpg,1280,534,gun,543,349,642,430
Image3635.jpg,1280,534,gun,536,334,632,413
Image3639.jpg,1280,534,gun,497,280,594,359
Image3646.jpg,1280,534,gun,932,105,1001,171
Image3647.jpg,1280,534,gun,883,96,932,163
Image3647.jpg,1280,534,gun,460,485,565,534
Image3648.jpg,1280,534,gun,449,502,553,534
Image3649.jpg,1280,534,gun,485,317,595,413
Image3650.jpg,1280,534,gun,505,251,593,347
Image3650.jpg,1280,534,gun,1002,225,1075,318
Image3651.jpg,1280,534,gun,565,245,653,360
Image3651.jpg,1280,534,gun,995,108,1070,199
Image3652.jpg,1280,534,gun,314,233,433,279
Image3653.jpg,1280,534,gun,254,260,374,308
Image3657.jpg,1280,534,gun,837,23,918,129
Image3661.jpg,1280,534,gun,833,49,961,131
Image3661.jpg,1280,534,gun,881,367,957,408
Image3664.jpg,1280,534,gun,744,213,893,291
Image3664.jpg,1280,534,gun,883,385,952,409
Image3670.jpg,1280,534,gun,560,253,614,339
Image3673.jpg,1280,534,gun,480,260,524,326
Image3673.jpg,1280,534,gun,167,111,201,146
Image3673.jpg,1280,534,gun,311,115,348,152
Image3674.jpg,1280,534,gun,475,253,521,312
Image3674.jpg,1280,534,gun,313,121,331,153
Image3675.jpg,1280,534,gun,477,226,522,295
Image3675.jpg,1280,534,gun,294,112,317,146
Image3676.jpg,1280,534,gun,488,206,540,276
Image3676.jpg,1280,534,gun,272,114,303,149
Image3684.jpg,1280,534,gun,489,262,552,326
Image3686.jpg,1280,534,gun,547,283,600,358
Image3692.jpg,1280,534,gun,607,262,636,310
Image3693.jpg,1280,534,gun,600,265,625,312
Image3699.jpg,1280,534,gun,398,272,462,314
Image3700.jpg,1280,534,gun,359,262,441,308
Image3701.jpg,1280,534,gun,309,259,388,299
Image3708.jpg,1280,534,gun,464,273,479,293
Image3708.jpg,1280,534,gun,990,217,1064,277
Image3710.jpg,1280,534,gun,461,278,476,307
Image3710.jpg,1280,534,gun,734,90,779,149
Image3713.jpg,1280,534,gun,478,291,512,311
Image3715.jpg,1280,534,gun,703,142,769,189
Image3718.jpg,1280,534,gun,578,230,634,253
Image3724.jpg,1280,534,gun,698,357,787,422
Image3729.jpg,1280,534,gun,515,317,595,389
Image3730.jpg,1280,534,gun,559,303,629,364
Image3733.jpg,1280,534,gun,603,280,649,341
Image3744.jpg,1280,534,gun,94,457,127,534
Image3754.jpg,1280,534,gun,516,306,570,346
Image3759.jpg,1280,534,gun,187,82,312,167
Image3765.jpg,1280,534,gun,1055,233,1179,337
Image3765.jpg,1280,534,gun,49,307,149,364
Image3771.jpg,1280,534,gun,87,100,128,221
Image3774.jpg,1280,534,gun,472,102,519,129
Image3775.jpg,1280,534,gun,417,473,471,506
Image3777.jpg,1280,534,gun,520,506,568,534
Image3778.jpg,1280,534,gun,322,362,401,402
Image3779.jpg,1280,534,gun,865,128,901,182
Image3783.jpg,1280,534,gun,536,243,583,280
Image3783.jpg,1280,534,gun,938,202,990,250
Image3788.jpg,1280,534,gun,498,260,537,303
Image3792.jpg,1280,534,gun,815,242,864,267
Image3794.jpg,1280,534,gun,556,206,592,240
Image3795.jpg,1280,534,gun,560,195,591,227
Image3795.jpg,1280,534,gun,1158,141,1203,188
Image3797.jpg,1280,534,gun,532,219,569,250
Image3797.jpg,1280,534,gun,1065,146,1112,176
Image3800.jpg,1280,534,gun,552,236,589,260
Image3800.jpg,1280,534,gun,938,222,989,289
Image3802.jpg,1280,534,gun,557,204,593,229
Image3803.jpg,1280,534,gun,569,203,604,229
Image3804.jpg,1280,534,gun,711,223,750,247
Image3807.jpg,1280,534,gun,458,279,566,341
Image3807.jpg,1280,534,gun,403,271,453,352
Image3808.jpg,1280,534,gun,428,304,477,358
Image3808.jpg,1280,534,gun,501,273,608,335
Image3810.jpg,1280,534,gun,464,333,503,381
Image3812.jpg,1280,534,gun,713,379,767,486
Image3812.jpg,1280,534,gun,543,451,655,534
Image3812.jpg,1280,534,non-weapon,555,249,634,307
Image3813.jpg,1280,534,gun,473,186,580,258
Image3813.jpg,1280,534,gun,551,358,641,385
Image3816.jpg,1280,534,gun,584,154,685,221
Image3816.jpg,1280,534,gun,430,370,527,426
Image3818.jpg,1280,534,gun,389,400,503,450
Image3818.jpg,1280,534,gun,810,449,855,534
Image3818.jpg,1280,534,gun,483,175,590,240
Image3821.jpg,1280,534,gun,630,390,694,477
Image3822.jpg,1280,534,gun,619,357,708,449
Image3823.jpg,1280,534,gun,607,327,708,421
Image3825.jpg,1280,534,gun,507,146,569,215
Image3825.jpg,1280,534,gun,604,277,670,344
Image3827.jpg,1280,534,gun,424,227,477,318
Image3832.jpg,1280,534,gun,684,206,755,252
Image3836.jpg,1280,534,gun,150,288,187,328
Image3838.jpg,1280,534,gun,224,316,243,355
Image3840.jpg,1280,534,gun,857,178,888,222
Image3840.jpg,1280,534,gun,214,318,249,351
Image3844.jpg,1280,534,gun,786,170,853,207
Image3845.jpg,1280,534,gun,689,178,764,232
Image3845.jpg,1280,534,gun,816,270,844,329
Image3848.jpg,1280,534,gun,724,308,754,346
Image3850.jpg,1280,534,gun,667,301,695,334
Image3854.jpg,1280,534,gun,772,218,825,260
Image3854.jpg,1280,534,gun,839,279,892,306
Image3854.jpg,1280,534,gun,429,335,474,370
Image3856.jpg,1280,534,gun,932,243,989,288
Image3856.jpg,1280,534,gun,440,329,488,359
Image3857.jpg,1280,534,gun,1020,316,1065,364
Image3857.jpg,1280,534,gun,449,314,499,346
Image3858.jpg,1280,534,gun,1044,323,1083,349
Image3858.jpg,1280,534,gun,446,311,496,344
Image3862.jpg,1280,534,gun,1116,330,1163,357
Image3864.jpg,1280,534,gun,798,224,840,254
Image3864.jpg,1280,534,gun,570,103,630,156
Image3865.jpg,1280,534,gun,588,113,651,160
Image3865.jpg,1280,534,gun,805,226,847,256
Image3873.jpg,1280,534,gun,728,191,770,228
Image3873.jpg,1280,534,gun,539,282,608,335
Image3875.jpg,1280,534,gun,721,184,774,220
Image3875.jpg,1280,534,gun,496,284,557,317
Image3878.jpg,1280,534,gun,745,260,786,308
Image3878.jpg,1280,534,gun,398,449,464,491
Image3882.jpg,1280,534,gun,828,110,861,155
Image3894.jpg,1280,534,gun,376,359,486,467
Image3901.jpg,1280,534,gun,613,335,720,448
Image3903.jpg,1280,534,gun,735,129,819,250
Image3908.jpg,1280,534,gun,625,176,740,220
Image3909.jpg,1280,534,gun,694,148,777,261
Image3915.jpg,1280,534,gun,699,182,808,277
Image3920.jpg,1280,534,gun,745,204,862,260
Image3922.jpg,1280,534,gun,743,236,883,287
Image3924.jpg,1280,534,gun,735,248,841,321
Image3926.jpg,1280,534,gun,714,312,844,385
Image3927.jpg,1280,534,gun,693,310,820,376
Image3930.jpg,1280,534,gun,783,68,857,191
Image3932.jpg,1280,534,gun,800,146,874,266
Image3934.jpg,1280,534,gun,795,203,881,320
Image3936.jpg,1280,534,gun,773,133,848,253
Image3946.jpg,1280,534,gun,620,314,699,368
Image3947.jpg,1280,534,gun,593,331,669,389
Image3951.jpg,1280,534,gun,551,265,702,449
Image3966.jpg,1280,534,gun,581,191,644,257
Image3970.jpg,1280,534,gun,579,206,647,279
Image3978.jpg,1280,534,gun,557,209,650,316
Image3979.jpg,1280,534,gun,555,224,638,323
Image3981.jpg,1280,534,gun,535,254,657,358
Image3983.jpg,1280,534,gun,470,240,613,344
Image3985.jpg,1280,534,gun,418,230,566,328
Image3986.jpg,1280,534,gun,407,224,550,314
Image3990.jpg,1280,534,gun,404,192,531,273
Image3991.jpg,1280,534,gun,390,191,524,269
Image3997.jpg,1280,534,gun,351,192,484,293
Image3998.jpg,1280,534,gun,331,197,468,273
Image4002.jpg,1280,534,gun,288,198,430,290
Image4003.jpg,1280,534,gun,281,187,426,273
Image4004.jpg,1280,534,gun,275,196,418,288
Image4006.jpg,1280,534,gun,682,107,704,151
Image4012.jpg,1280,534,gun,674,77,715,131
Image4016.jpg,1280,534,gun,63,251,437,393
Image4019.jpg,1280,534,gun,91,212,523,354
Image4023.jpg,1280,534,gun,267,270,665,424
Image4024.jpg,1280,534,gun,299,272,690,427
Image4037.jpg,1280,534,gun,564,311,754,417
Image4040.jpg,1280,534,gun,769,275,909,405
Image4045.jpg,1280,534,gun,364,350,627,465
Image4046.jpg,1280,534,gun,375,374,655,519
Image4051.jpg,1280,534,gun,387,375,679,474
Image4052.jpg,1280,534,gun,428,378,720,487
Image4055.jpg,1280,534,gun,398,293,660,391
Image4057.jpg,1280,534,gun,394,277,648,361
Image4058.jpg,1280,534,gun,342,259,617,350
Image4061.jpg,1280,534,gun,249,283,505,368
Image4063.jpg,1280,534,gun,259,281,514,373
Image4065.jpg,1280,534,gun,330,295,560,368
Image4066.jpg,1280,534,gun,655,320,702,465
Image4070.jpg,1280,534,gun,652,303,751,409
Image4073.jpg,1280,534,gun,606,295,700,402
Image4076.jpg,1280,534,gun,788,211,862,263
Image4079.jpg,1280,534,gun,795,218,859,262
Image4081.jpg,1280,534,gun,785,213,850,260
Image4083.jpg,1280,534,gun,768,208,836,253
Image4086.jpg,1280,534,gun,779,175,849,220
Image4086.jpg,1280,534,gun,482,195,555,242
Image4087.jpg,1280,534,gun,557,182,635,242
Image4087.jpg,1280,534,gun,769,174,821,214
Image4090.jpg,1280,534,gun,655,178,722,254
Image4091.jpg,1280,534,gun,701,194,761,257
Image4095.jpg,1280,534,gun,999,278,1124,375
Image4099.jpg,1280,534,gun,604,250,765,368
Image4100.jpg,1280,534,gun,637,254,763,361
Image4107.jpg,1280,534,gun,882,239,1052,342
Image4109.jpg,1280,534,gun,893,251,1072,351
Image4110.jpg,1280,534,gun,894,257,1073,362
Image4111.jpg,1280,534,gun,895,251,1082,364
Image4115.jpg,1280,534,gun,895,234,1074,348
Image4116.jpg,1280,534,gun,853,254,1039,367
Image4127.jpg,1280,534,gun,771,252,995,395
Image4128.jpg,1280,534,gun,781,252,1015,399
Image4131.jpg,1280,534,gun,727,268,1021,430
Image4132.jpg,1280,534,gun,669,262,979,373
Image4133.jpg,1280,534,gun,620,276,936,380
Image4134.jpg,1280,534,gun,682,168,731,213
Image4138.jpg,1280,534,gun,442,176,496,218
Image4143.jpg,1280,534,gun,526,176,642,237
Image4144.jpg,1280,534,gun,308,160,358,207
Image4147.jpg,1280,534,gun,418,167,536,212
Image4148.jpg,1280,534,gun,440,164,537,205
Image4149.jpg,1280,534,gun,442,21,532,86
Image4151.jpg,1280,534,gun,529,148,627,205
Image4152.jpg,1280,534,gun,502,223,665,303
Image4153.jpg,1280,534,gun,486,230,653,293
Image4158.jpg,1280,534,gun,490,201,679,268
Image4161.jpg,1280,534,gun,526,201,711,268
Image4167.jpg,1280,534,gun,615,248,633,286
Image4169.jpg,1280,534,gun,613,246,632,286
Image4173.jpg,1280,534,gun,609,244,624,283
Image4180.jpg,1280,534,gun,687,26,740,71
Image4182.jpg,1280,534,gun,648,390,694,434
Image4185.jpg,1280,534,gun,615,234,672,265
Image4187.jpg,1280,534,gun,606,223,665,268
Image4188.jpg,1280,534,gun,376,312,451,387
Image4190.jpg,1280,534,gun,331,244,442,356
Image4198.jpg,1280,534,gun,301,245,632,521
Image4200.jpg,1280,534,gun,332,251,674,516
Image4201.jpg,1280,534,gun,315,258,689,515
Image4210.jpg,1280,534,gun,332,270,510,441
Image4211.jpg,1280,534,gun,308,271,471,446
Image4214.jpg,1280,534,gun,217,308,362,462
Image4217.jpg,1280,534,gun,116,320,381,458
Image4218.jpg,1280,534,gun,371,290,582,389
Image4220.jpg,1280,534,gun,891,101,942,148
Image4225.jpg,1280,534,gun,842,147,910,181
Image4228.jpg,1280,534,gun,829,144,887,183
Image4228.jpg,1280,534,gun,756,341,800,364
Image4230.jpg,1280,534,gun,807,152,869,194
Image4230.jpg,1280,534,gun,742,335,778,371
Image4233.jpg,1280,534,gun,400,289,706,489
Image4236.jpg,1280,534,gun,381,302,706,482
Image4241.jpg,1280,534,gun,631,246,677,286
Image4244.jpg,1280,534,gun,840,168,919,214
Image4250.jpg,1280,534,gun,944,193,966,229
Image4251.jpg,1280,534,gun,901,209,1024,327
Image4252.jpg,1280,534,gun,895,234,1024,328
Image4253.jpg,1280,534,gun,893,251,1053,380
Image4254.jpg,1280,534,gun,895,248,1057,384
Image4255.jpg,1280,534,gun,897,254,1058,387
Image4258.jpg,1280,534,gun,871,277,1222,479
Image4261.jpg,1280,534,gun,797,276,1206,534
Image4263.jpg,1280,534,gun,764,276,1106,405
Image4265.jpg,1280,534,gun,668,318,1016,520
Image4269.jpg,1280,534,gun,569,347,919,534
Image4273.jpg,1280,534,gun,502,339,719,534
Image4277.jpg,1280,534,gun,469,346,561,523
Image4279.jpg,1280,534,gun,379,350,537,534
Image4282.jpg,1280,534,gun,357,336,516,523
Image4287.jpg,1280,534,gun,320,330,534,479
Image4289.jpg,1280,534,gun,333,324,543,468
Image4290.jpg,1280,534,gun,342,322,547,459
Image4292.jpg,1280,534,gun,350,308,586,462
Image4293.jpg,1280,534,gun,362,314,594,457
Image4294.jpg,1280,534,gun,372,315,608,455
Image4296.jpg,1280,534,gun,376,318,605,450
Image4297.jpg,1280,534,gun,378,320,609,441
Image4298.jpg,1280,534,gun,381,312,620,443
Image4301.jpg,1280,534,gun,399,335,617,463
Image4302.jpg,1280,534,gun,396,338,635,465
Image4303.jpg,1280,534,gun,397,335,635,458
Image4310.jpg,1280,534,gun,631,139,889,320
Image4317.jpg,1280,534,gun,799,190,990,363
Image4318.jpg,1280,534,gun,811,194,1001,356
Image4319.jpg,1280,534,gun,853,195,1039,355
Image4322.jpg,1280,534,gun,962,208,1139,363
Image4325.jpg,1280,534,gun,985,199,1138,333
Image4329.jpg,1280,534,gun,977,209,1141,332
Image4335.jpg,1280,534,gun,964,214,1119,314
Image4336.jpg,1280,534,gun,958,216,1112,324
Image4337.jpg,1280,534,gun,953,217,1103,323
Image4339.jpg,1280,534,gun,923,203,1074,306
Image4341.jpg,1280,534,gun,922,190,1070,289
Image4342.jpg,1280,534,gun,924,176,1050,278
Image4350.jpg,1280,534,gun,732,266,767,308
Image4353.jpg,1280,534,gun,879,210,933,255
Image4354.jpg,1280,534,gun,912,213,955,258
Image4358.jpg,1280,534,gun,993,214,1042,277
Image4359.jpg,1280,534,gun,1001,209,1061,271
Image4363.jpg,1280,534,gun,1006,195,1098,257
Image4369.jpg,1280,534,gun,907,228,1003,295
Image4371.jpg,1280,534,gun,867,270,923,324
Image4380.jpg,1280,534,gun,325,102,494,366
Image4381.jpg,1280,534,gun,312,128,509,370
Image4386.jpg,1280,534,gun,244,264,440,500
Image4387.jpg,1280,534,gun,203,378,373,534
Image4398.jpg,1280,534,gun,894,241,970,296
Image4399.jpg,1280,534,gun,880,227,954,300
Image4400.jpg,1280,534,gun,866,222,938,298
Image4405.jpg,1280,534,gun,836,220,901,297
Image4406.jpg,1280,534,gun,848,221,903,282
Image4407.jpg,1280,534,gun,837,217,914,294
Image4409.jpg,1280,534,gun,871,214,929,286
Image4410.jpg,1280,534,gun,867,212,929,286
Image4411.jpg,1280,534,gun,874,209,936,290
Image4414.jpg,1280,534,gun,886,193,947,278
Image4417.jpg,1280,534,gun,175,228,337,473
Image4426.jpg,1280,534,gun,85,290,273,498
Image4432.jpg,1280,534,gun,936,170,1019,223
Image4437.jpg,1280,534,gun,945,182,1051,242
Image4438.jpg,1280,534,gun,972,186,1079,253
Image4441.jpg,1280,534,gun,1050,177,1169,243
Image4443.jpg,1280,534,gun,1074,173,1203,248
Image4444.jpg,1280,534,gun,1047,168,1182,250
Image4445.jpg,1280,534,gun,1013,182,1150,253
Image4448.jpg,1280,534,gun,967,192,1095,260
Image4449.jpg,1280,534,gun,942,194,1078,264
Image4451.jpg,1280,534,gun,867,181,997,258
Image4454.jpg,1280,534,gun,848,183,980,256
Image4456.jpg,1280,534,gun,838,182,982,266
Image4459.jpg,1280,534,gun,810,198,943,283
Image4462.jpg,1280,534,gun,1073,242,1237,456
Image4469.jpg,1280,534,gun,1021,245,1138,382
Image4473.jpg,1280,534,gun,992,246,1093,392
Image4474.jpg,1280,534,gun,982,248,1081,359
Image4480.jpg,1280,534,gun,857,270,941,396
Image4487.jpg,1280,534,gun,756,268,834,394
Image4490.jpg,1280,534,gun,715,265,794,406
Image4491.jpg,1280,534,gun,702,269,791,418
Image4499.jpg,1280,534,gun,655,285,723,413
Image4503.jpg,1280,534,gun,601,292,713,451
Image4506.jpg,1280,534,gun,594,285,683,441
Image4509.jpg,1280,534,gun,558,275,662,447
Image4511.jpg,1280,534,gun,561,278,647,410
Image4512.jpg,1280,534,gun,556,268,643,431
Image4516.jpg,1280,534,gun,581,268,666,399
Image4521.jpg,1280,534,gun,458,210,630,375
Image4524.jpg,1280,534,gun,491,223,645,362
Image4524.jpg,1280,534,gun,1173,224,1191,260
Image4532.jpg,1280,534,gun,268,260,342,349
Image4532.jpg,1280,534,gun,345,204,383,246
Image4532.jpg,1280,534,gun,183,167,210,196
Image4532.jpg,1280,534,gun,458,169,480,205
Image4535.jpg,1280,534,gun,136,22,254,128
Image4536.jpg,1280,534,gun,726,215,905,362
Image4539.jpg,1280,534,gun,684,214,863,362
Image4541.jpg,1280,534,gun,668,282,884,407
Image4545.jpg,1280,534,gun,668,283,842,424
Image4562.jpg,1280,534,gun,578,374,698,415
Image4563.jpg,1280,534,gun,575,356,687,401
Image4564.jpg,1280,534,gun,575,363,693,427
Image4567.jpg,1280,534,gun,638,460,739,530
Image4575.jpg,1280,534,gun,62,376,198,464
Image4575.jpg,1280,534,gun,251,377,333,452
Image4575.jpg,1280,534,gun,707,146,725,167
Image4582.jpg,1280,534,gun,751,229,790,279
Image4583.jpg,1280,534,gun,766,222,801,263
Image4584.jpg,1280,534,gun,821,245,858,287
Image4585.jpg,1280,534,gun,829,250,859,288
Image4585.jpg,1280,534,non-weapon,649,85,746,343
Image4586.jpg,1280,534,gun,858,254,884,287
Image4586.jpg,1280,534,non-weapon,676,73,772,323
Image4591.jpg,1280,534,gun,1011,172,1038,209
Image4591.jpg,1280,534,gun,1122,238,1160,279
Image4591.jpg,1280,534,non-weapon,796,12,943,338
Image4595.jpg,1280,534,gun,1052,272,1111,319
Image4597.jpg,1280,534,gun,1040,285,1134,332
Image4600.jpg,1280,534,gun,814,366,1043,467
Image4604.jpg,1280,534,gun,801,411,964,497
Image4608.jpg,1280,534,gun,905,349,1070,462
Image4636.jpg,1280,534,gun,382,257,504,342
Image4644.jpg,1280,534,gun,442,124,542,212
Image4645.jpg,1280,534,gun,427,150,535,240
Image4647.jpg,1280,534,gun,497,301,548,391
Image4654.jpg,1280,534,gun,625,293,675,382
Image4655.jpg,1280,534,gun,610,293,668,377
Image4658.jpg,1280,534,gun,613,290,660,377
Image4667.jpg,1280,534,gun,642,316,709,405
Image4674.jpg,1280,534,gun,597,206,707,295
Image4679.jpg,1280,534,gun,686,96,713,132
Image4680.jpg,1280,534,gun,773,421,822,534
Image4684.jpg,1280,534,gun,745,406,792,494
Image4685.jpg,1280,534,gun,739,436,794,529
Image4692.jpg,1280,534,gun,709,457,785,534
Image4698.jpg,1280,534,gun,943,82,1126,273
Image4698.jpg,1280,534,gun,125,193,275,424
Image4699.jpg,1280,534,gun,109,193,293,396
Image4699.jpg,1280,534,gun,911,84,1122,261
Image4700.jpg,1280,534,gun,837,63,1008,183
Image4703.jpg,1280,534,gun,304,363,334,426
Image4705.jpg,1280,534,gun,311,372,342,438
Image4708.jpg,1280,534,gun,325,365,353,431
Image4709.jpg,1280,534,gun,329,373,357,431
Image4710.jpg,1280,534,gun,326,375,355,454
Image4712.jpg,1280,534,gun,313,435,357,526
Image4714.jpg,1280,534,gun,320,448,366,534
Image4715.jpg,1280,534,gun,330,457,369,534
Image4721.jpg,1280,534,gun,484,161,694,486
Image4723.jpg,1280,534,gun,581,48,845,421
Image4727.jpg,1280,534,gun,791,51,998,329
Image4728.jpg,1280,534,gun,764,63,941,340
Image4729.jpg,1280,534,gun,831,80,991,370
Image4741.jpg,1280,534,gun,240,428,276,519
Image4745.jpg,1280,534,gun,529,272,567,304
Image4749.jpg,1280,534,gun,520,307,553,344
Image4751.jpg,1280,534,gun,513,322,549,361
Image4752.jpg,1280,534,gun,403,227,776,450
Image4756.jpg,1280,534,gun,426,132,790,404
